
==================================================================
==> 0.5B  bf16  rowspace r=2
==================================================================

=== rowspace_r2_colperm_s0 ===
model=Qwen/Qwen2.5-0.5B  device=cuda  targets=['self_attn.k_proj', 'self_attn.v_proj']
Warning: You are sending unauthenticated requests to the HF Hub. Please set a HF_TOKEN to enable higher rate limits and faster downloads.
  nap E2E NLG...
Generating train split: 0 examples [00:00, ? examples/s]Generating train split: 42061 examples [00:00, 1741681.10 examples/s]
Generating validation split: 0 examples [00:00, ? examples/s]Generating validation split: 4672 examples [00:00, 1463683.02 examples/s]
Generating test split: 0 examples [00:00, ? examples/s]Generating test split: 4693 examples [00:00, 1702315.03 examples/s]
  train 42061 vi du | val 4672 | test 630 MR duy nhat
Loading weights:   0%|          | 0/290 [00:00<?, ?it/s]Loading weights: 100%|██████████| 290/290 [00:00<00:00, 7270.94it/s]
  model dtype: bf16 (nguong kiem phan ra noi thanh 3e-02)
  phan ra tren cuda
  phan ra ['self_attn.k_proj', 'self_attn.v_proj'] (basis=colperm)...
    6/24 block  (0s)
    12/24 block  (0s)
    18/24 block  (1s)
    24/24 block  (1s)
  kiem phan ra: sai so dau ra lon nhat 9.40e-03 (h.14.self_attn.v_proj)

  TRAIN DUOC: 0.025 M (0.005 % cua 494.06 M)   [dung model + phan ra: 6.0s]

  train: 42061 vi du, 26290 buoc, lr=0.0002 (linear), batch=8
    ep 0 step 100/26290  loss 3.6465  lr 4.00e-05  10.63 it/s  ETA 41m
    ep 0 step 200/26290  loss 3.2001  lr 8.00e-05  11.69 it/s  ETA 37m
    ep 0 step 300/26290  loss 3.0169  lr 1.20e-04  12.11 it/s  ETA 36m
    ep 0 step 400/26290  loss 2.9864  lr 1.60e-04  12.36 it/s  ETA 35m
    ep 0 step 500/26290  loss 2.9434  lr 2.00e-04  12.49 it/s  ETA 34m
    ep 0 step 600/26290  loss 2.9319  lr 1.99e-04  12.58 it/s  ETA 34m
    ep 0 step 700/26290  loss 2.8967  lr 1.98e-04  12.64 it/s  ETA 34m
    ep 0 step 800/26290  loss 2.8844  lr 1.98e-04  12.69 it/s  ETA 33m
    ep 0 step 900/26290  loss 2.8589  lr 1.97e-04  12.74 it/s  ETA 33m
    ep 0 step 1000/26290  loss 2.8596  lr 1.96e-04  12.77 it/s  ETA 33m
    ep 0 step 1100/26290  loss 2.8372  lr 1.95e-04  12.79 it/s  ETA 33m
    ep 0 step 1200/26290  loss 2.8338  lr 1.95e-04  12.82 it/s  ETA 33m
    ep 0 step 1300/26290  loss 2.7995  lr 1.94e-04  12.84 it/s  ETA 32m
    ep 0 step 1400/26290  loss 2.8548  lr 1.93e-04  12.86 it/s  ETA 32m
    ep 0 step 1500/26290  loss 2.8642  lr 1.92e-04  12.88 it/s  ETA 32m
    ep 0 step 1600/26290  loss 2.8647  lr 1.91e-04  12.89 it/s  ETA 32m
    ep 0 step 1700/26290  loss 2.8472  lr 1.91e-04  12.91 it/s  ETA 32m
    ep 0 step 1800/26290  loss 2.7909  lr 1.90e-04  12.92 it/s  ETA 32m
    ep 0 step 1900/26290  loss 2.8315  lr 1.89e-04  12.93 it/s  ETA 31m
    ep 0 step 2000/26290  loss 2.8412  lr 1.88e-04  12.94 it/s  ETA 31m
    ep 0 step 2100/26290  loss 2.8586  lr 1.88e-04  12.95 it/s  ETA 31m
    ep 0 step 2200/26290  loss 2.8188  lr 1.87e-04  12.96 it/s  ETA 31m
    ep 0 step 2300/26290  loss 2.8694  lr 1.86e-04  12.97 it/s  ETA 31m
    ep 0 step 2400/26290  loss 2.8319  lr 1.85e-04  12.97 it/s  ETA 31m
    ep 0 step 2500/26290  loss 2.8172  lr 1.84e-04  12.98 it/s  ETA 31m
    ep 0 step 2600/26290  loss 2.8396  lr 1.84e-04  12.99 it/s  ETA 30m
    ep 0 step 2700/26290  loss 2.7903  lr 1.83e-04  12.99 it/s  ETA 30m
    ep 0 step 2800/26290  loss 2.8406  lr 1.82e-04  13.00 it/s  ETA 30m
    ep 0 step 2900/26290  loss 2.8414  lr 1.81e-04  13.00 it/s  ETA 30m
    ep 0 step 3000/26290  loss 2.8075  lr 1.81e-04  13.01 it/s  ETA 30m
    ep 0 step 3100/26290  loss 2.8229  lr 1.80e-04  13.02 it/s  ETA 30m
    ep 0 step 3200/26290  loss 2.7748  lr 1.79e-04  13.02 it/s  ETA 30m
    ep 0 step 3300/26290  loss 2.7915  lr 1.78e-04  13.03 it/s  ETA 29m
    ep 0 step 3400/26290  loss 2.8585  lr 1.78e-04  13.03 it/s  ETA 29m
    ep 0 step 3500/26290  loss 2.8077  lr 1.77e-04  13.04 it/s  ETA 29m
    ep 0 step 3600/26290  loss 2.8138  lr 1.76e-04  13.04 it/s  ETA 29m
    ep 0 step 3700/26290  loss 2.8306  lr 1.75e-04  13.04 it/s  ETA 29m
    ep 0 step 3800/26290  loss 2.8011  lr 1.74e-04  13.05 it/s  ETA 29m
    ep 0 step 3900/26290  loss 2.7973  lr 1.74e-04  13.05 it/s  ETA 29m
    ep 0 step 4000/26290  loss 2.8301  lr 1.73e-04  13.06 it/s  ETA 28m
    ep 0 step 4100/26290  loss 2.8007  lr 1.72e-04  13.06 it/s  ETA 28m
    ep 0 step 4200/26290  loss 2.8062  lr 1.71e-04  13.07 it/s  ETA 28m
    ep 0 step 4300/26290  loss 2.8102  lr 1.71e-04  13.07 it/s  ETA 28m
    ep 0 step 4400/26290  loss 2.8297  lr 1.70e-04  13.07 it/s  ETA 28m
    ep 0 step 4500/26290  loss 2.8075  lr 1.69e-04  13.07 it/s  ETA 28m
    ep 0 step 4600/26290  loss 2.8134  lr 1.68e-04  13.07 it/s  ETA 28m
    ep 0 step 4700/26290  loss 2.7811  lr 1.67e-04  13.08 it/s  ETA 28m
    ep 0 step 4800/26290  loss 2.8264  lr 1.67e-04  13.08 it/s  ETA 27m
    ep 0 step 4900/26290  loss 2.7903  lr 1.66e-04  13.09 it/s  ETA 27m
    ep 0 step 5000/26290  loss 2.7835  lr 1.65e-04  13.09 it/s  ETA 27m
    ep 0 step 5100/26290  loss 2.8053  lr 1.64e-04  13.09 it/s  ETA 27m
    ep 0 step 5200/26290  loss 2.8189  lr 1.64e-04  13.09 it/s  ETA 27m
[W1004 12:02:28.179290454 CUDACachingAllocator.cpp:3934] memory allocation failed with OOM on device 0 while trying to allocate 457179136 bytes (free: 236388352, total: 23684841472).
[W1004 12:02:31.527634879 CUDACachingAllocator.cpp:3934] memory allocation failed with OOM on device 0 while trying to allocate 643825664 bytes (free: 469172224, total: 23684841472).
[W1004 12:02:35.228576059 CUDACachingAllocator.cpp:3934] memory allocation failed with OOM on device 0 while trying to allocate 778043392 bytes (free: 280428544, total: 23684841472).
[W1004 12:02:37.774283321 CUDACachingAllocator.cpp:3934] memory allocation failed with OOM on device 0 while trying to allocate 914358272 bytes (free: 391577600, total: 23684841472).
    [ep 0] val loss 1.3049  ppl 3.687  train 1.2373  gap +0.0677  (11s)  <- tot nhat
    ep 1 step 5300/26290  loss 2.8078  lr 1.63e-04  12.75 it/s  ETA 27m
    ep 1 step 5400/26290  loss 2.8331  lr 1.62e-04  12.75 it/s  ETA 27m
    ep 1 step 5500/26290  loss 2.8016  lr 1.61e-04  12.76 it/s  ETA 27m
    ep 1 step 5600/26290  loss 2.8020  lr 1.60e-04  12.76 it/s  ETA 27m
    ep 1 step 5700/26290  loss 2.7998  lr 1.60e-04  12.77 it/s  ETA 27m
    ep 1 step 5800/26290  loss 2.8135  lr 1.59e-04  12.78 it/s  ETA 27m
    ep 1 step 5900/26290  loss 2.7846  lr 1.58e-04  12.78 it/s  ETA 27m
    ep 1 step 6000/26290  loss 2.8499  lr 1.57e-04  12.79 it/s  ETA 26m
    ep 1 step 6100/26290  loss 2.8367  lr 1.57e-04  12.80 it/s  ETA 26m
    ep 1 step 6200/26290  loss 2.7965  lr 1.56e-04  12.80 it/s  ETA 26m
    ep 1 step 6300/26290  loss 2.8277  lr 1.55e-04  12.81 it/s  ETA 26m
    ep 1 step 6400/26290  loss 2.7880  lr 1.54e-04  12.81 it/s  ETA 26m
    ep 1 step 6500/26290  loss 2.7580  lr 1.53e-04  12.82 it/s  ETA 26m
    ep 1 step 6600/26290  loss 2.7929  lr 1.53e-04  12.82 it/s  ETA 26m
    ep 1 step 6700/26290  loss 2.7949  lr 1.52e-04  12.83 it/s  ETA 25m
    ep 1 step 6800/26290  loss 2.7543  lr 1.51e-04  12.83 it/s  ETA 25m
    ep 1 step 6900/26290  loss 2.7686  lr 1.50e-04  12.84 it/s  ETA 25m
    ep 1 step 7000/26290  loss 2.8072  lr 1.50e-04  12.85 it/s  ETA 25m
    ep 1 step 7100/26290  loss 2.7707  lr 1.49e-04  12.85 it/s  ETA 25m
    ep 1 step 7200/26290  loss 2.8077  lr 1.48e-04  12.86 it/s  ETA 25m
    ep 1 step 7300/26290  loss 2.7840  lr 1.47e-04  12.86 it/s  ETA 25m
    ep 1 step 7400/26290  loss 2.8089  lr 1.46e-04  12.86 it/s  ETA 24m
    ep 1 step 7500/26290  loss 2.8011  lr 1.46e-04  12.87 it/s  ETA 24m
    ep 1 step 7600/26290  loss 2.7925  lr 1.45e-04  12.87 it/s  ETA 24m
    ep 1 step 7700/26290  loss 2.8052  lr 1.44e-04  12.88 it/s  ETA 24m
    ep 1 step 7800/26290  loss 2.7842  lr 1.43e-04  12.88 it/s  ETA 24m
    ep 1 step 7900/26290  loss 2.7745  lr 1.43e-04  12.89 it/s  ETA 24m
    ep 1 step 8000/26290  loss 2.7704  lr 1.42e-04  12.89 it/s  ETA 24m
    ep 1 step 8100/26290  loss 2.7970  lr 1.41e-04  12.89 it/s  ETA 24m
    ep 1 step 8200/26290  loss 2.7609  lr 1.40e-04  12.89 it/s  ETA 23m
    ep 1 step 8300/26290  loss 2.7905  lr 1.40e-04  12.89 it/s  ETA 23m
    ep 1 step 8400/26290  loss 2.7997  lr 1.39e-04  12.90 it/s  ETA 23m
    ep 1 step 8500/26290  loss 2.8148  lr 1.38e-04  12.90 it/s  ETA 23m
    ep 1 step 8600/26290  loss 2.7824  lr 1.37e-04  12.90 it/s  ETA 23m
    ep 1 step 8700/26290  loss 2.7957  lr 1.36e-04  12.90 it/s  ETA 23m
    ep 1 step 8800/26290  loss 2.7868  lr 1.36e-04  12.90 it/s  ETA 23m
    ep 1 step 8900/26290  loss 2.8060  lr 1.35e-04  12.91 it/s  ETA 22m
    ep 1 step 9000/26290  loss 2.7922  lr 1.34e-04  12.91 it/s  ETA 22m
    ep 1 step 9100/26290  loss 2.7770  lr 1.33e-04  12.91 it/s  ETA 22m
    ep 1 step 9200/26290  loss 2.8011  lr 1.33e-04  12.91 it/s  ETA 22m
    ep 1 step 9300/26290  loss 2.7790  lr 1.32e-04  12.92 it/s  ETA 22m
    ep 1 step 9400/26290  loss 2.7765  lr 1.31e-04  12.92 it/s  ETA 22m
    ep 1 step 9500/26290  loss 2.8275  lr 1.30e-04  12.92 it/s  ETA 22m
    ep 1 step 9600/26290  loss 2.8079  lr 1.29e-04  12.93 it/s  ETA 22m
    ep 1 step 9700/26290  loss 2.7741  lr 1.29e-04  12.93 it/s  ETA 21m
    ep 1 step 9800/26290  loss 2.7689  lr 1.28e-04  12.93 it/s  ETA 21m
    ep 1 step 9900/26290  loss 2.7812  lr 1.27e-04  12.93 it/s  ETA 21m
    ep 1 step 10000/26290  loss 2.7890  lr 1.26e-04  12.94 it/s  ETA 21m
    ep 1 step 10100/26290  loss 2.7507  lr 1.26e-04  12.94 it/s  ETA 21m
    ep 1 step 10200/26290  loss 2.7630  lr 1.25e-04  12.94 it/s  ETA 21m
    ep 1 step 10300/26290  loss 2.7710  lr 1.24e-04  12.94 it/s  ETA 21m
    ep 1 step 10400/26290  loss 2.8104  lr 1.23e-04  12.95 it/s  ETA 20m
    ep 1 step 10500/26290  loss 2.7755  lr 1.22e-04  12.95 it/s  ETA 20m
    [ep 1] val loss 1.2925  ppl 3.642  train 1.2301  gap +0.0624  (10s)  <- tot nhat
    ep 2 step 10600/26290  loss 2.7632  lr 1.22e-04  12.79 it/s  ETA 20m
    ep 2 step 10700/26290  loss 2.7531  lr 1.21e-04  12.79 it/s  ETA 20m
    ep 2 step 10800/26290  loss 2.7993  lr 1.20e-04  12.79 it/s  ETA 20m
    ep 2 step 10900/26290  loss 2.7477  lr 1.19e-04  12.80 it/s  ETA 20m
    ep 2 step 11000/26290  loss 2.7841  lr 1.19e-04  12.80 it/s  ETA 20m
    ep 2 step 11100/26290  loss 2.7601  lr 1.18e-04  12.80 it/s  ETA 20m
    ep 2 step 11200/26290  loss 2.7767  lr 1.17e-04  12.80 it/s  ETA 20m
    ep 2 step 11300/26290  loss 2.7648  lr 1.16e-04  12.80 it/s  ETA 20m
    ep 2 step 11400/26290  loss 2.7700  lr 1.15e-04  12.81 it/s  ETA 19m
    ep 2 step 11500/26290  loss 2.8111  lr 1.15e-04  12.81 it/s  ETA 19m
    ep 2 step 11600/26290  loss 2.7562  lr 1.14e-04  12.81 it/s  ETA 19m
    ep 2 step 11700/26290  loss 2.8108  lr 1.13e-04  12.81 it/s  ETA 19m
    ep 2 step 11800/26290  loss 2.7915  lr 1.12e-04  12.82 it/s  ETA 19m
    ep 2 step 11900/26290  loss 2.7991  lr 1.12e-04  12.82 it/s  ETA 19m
    ep 2 step 12000/26290  loss 2.7790  lr 1.11e-04  12.82 it/s  ETA 19m
    ep 2 step 12100/26290  loss 2.7859  lr 1.10e-04  12.83 it/s  ETA 18m
    ep 2 step 12200/26290  loss 2.7565  lr 1.09e-04  12.83 it/s  ETA 18m
    ep 2 step 12300/26290  loss 2.7627  lr 1.08e-04  12.83 it/s  ETA 18m
    ep 2 step 12400/26290  loss 2.7815  lr 1.08e-04  12.83 it/s  ETA 18m
    ep 2 step 12500/26290  loss 2.8006  lr 1.07e-04  12.84 it/s  ETA 18m
    ep 2 step 12600/26290  loss 2.7769  lr 1.06e-04  12.84 it/s  ETA 18m
    ep 2 step 12700/26290  loss 2.7539  lr 1.05e-04  12.85 it/s  ETA 18m
    ep 2 step 12800/26290  loss 2.7374  lr 1.05e-04  12.85 it/s  ETA 17m
    ep 2 step 12900/26290  loss 2.7365  lr 1.04e-04  12.85 it/s  ETA 17m
    ep 2 step 13000/26290  loss 2.7536  lr 1.03e-04  12.86 it/s  ETA 17m
    ep 2 step 13100/26290  loss 2.7455  lr 1.02e-04  12.86 it/s  ETA 17m
    ep 2 step 13200/26290  loss 2.7696  lr 1.02e-04  12.86 it/s  ETA 17m
    ep 2 step 13300/26290  loss 2.7606  lr 1.01e-04  12.87 it/s  ETA 17m
    ep 2 step 13400/26290  loss 2.7739  lr 1.00e-04  12.87 it/s  ETA 17m
    ep 2 step 13500/26290  loss 2.7856  lr 9.92e-05  12.87 it/s  ETA 17m
    ep 2 step 13600/26290  loss 2.8052  lr 9.84e-05  12.87 it/s  ETA 16m
    ep 2 step 13700/26290  loss 2.7869  lr 9.76e-05  12.88 it/s  ETA 16m
    ep 2 step 13800/26290  loss 2.7727  lr 9.69e-05  12.88 it/s  ETA 16m
    ep 2 step 13900/26290  loss 2.7939  lr 9.61e-05  12.88 it/s  ETA 16m
    ep 2 step 14000/26290  loss 2.7731  lr 9.53e-05  12.89 it/s  ETA 16m
    ep 2 step 14100/26290  loss 2.7727  lr 9.45e-05  12.89 it/s  ETA 16m
    ep 2 step 14200/26290  loss 2.7776  lr 9.38e-05  12.89 it/s  ETA 16m
    ep 2 step 14300/26290  loss 2.7805  lr 9.30e-05  12.89 it/s  ETA 15m
    ep 2 step 14400/26290  loss 2.7962  lr 9.22e-05  12.89 it/s  ETA 15m
    ep 2 step 14500/26290  loss 2.7714  lr 9.14e-05  12.90 it/s  ETA 15m
    ep 2 step 14600/26290  loss 2.7405  lr 9.07e-05  12.90 it/s  ETA 15m
    ep 2 step 14700/26290  loss 2.8005  lr 8.99e-05  12.90 it/s  ETA 15m
    ep 2 step 14800/26290  loss 2.8002  lr 8.91e-05  12.90 it/s  ETA 15m
    ep 2 step 14900/26290  loss 2.7828  lr 8.83e-05  12.90 it/s  ETA 15m
    ep 2 step 15000/26290  loss 2.8061  lr 8.76e-05  12.90 it/s  ETA 15m
    ep 2 step 15100/26290  loss 2.7894  lr 8.68e-05  12.91 it/s  ETA 14m
    ep 2 step 15200/26290  loss 2.7552  lr 8.60e-05  12.91 it/s  ETA 14m
    ep 2 step 15300/26290  loss 2.7723  lr 8.52e-05  12.91 it/s  ETA 14m
    ep 2 step 15400/26290  loss 2.7417  lr 8.45e-05  12.91 it/s  ETA 14m
    ep 2 step 15500/26290  loss 2.8085  lr 8.37e-05  12.91 it/s  ETA 14m
    ep 2 step 15600/26290  loss 2.7568  lr 8.29e-05  12.91 it/s  ETA 14m
    ep 2 step 15700/26290  loss 2.7599  lr 8.21e-05  12.92 it/s  ETA 14m
    [ep 2] val loss 1.2834  ppl 3.609  train 1.2156  gap +0.0679  (10s)  <- tot nhat
    ep 3 step 15800/26290  loss 2.8032  lr 8.13e-05  12.81 it/s  ETA 14m
    ep 3 step 15900/26290  loss 2.7698  lr 8.06e-05  12.81 it/s  ETA 14m
    ep 3 step 16000/26290  loss 2.7326  lr 7.98e-05  12.81 it/s  ETA 13m
    ep 3 step 16100/26290  loss 2.8015  lr 7.90e-05  12.82 it/s  ETA 13m
    ep 3 step 16200/26290  loss 2.7572  lr 7.82e-05  12.82 it/s  ETA 13m
    ep 3 step 16300/26290  loss 2.7498  lr 7.75e-05  12.82 it/s  ETA 13m
    ep 3 step 16400/26290  loss 2.7347  lr 7.67e-05  12.83 it/s  ETA 13m
    ep 3 step 16500/26290  loss 2.7893  lr 7.59e-05  12.83 it/s  ETA 13m
    ep 3 step 16600/26290  loss 2.7737  lr 7.51e-05  12.83 it/s  ETA 13m
    ep 3 step 16700/26290  loss 2.7784  lr 7.44e-05  12.83 it/s  ETA 12m
    ep 3 step 16800/26290  loss 2.7732  lr 7.36e-05  12.84 it/s  ETA 12m
    ep 3 step 16900/26290  loss 2.7874  lr 7.28e-05  12.84 it/s  ETA 12m
    ep 3 step 17000/26290  loss 2.7815  lr 7.20e-05  12.84 it/s  ETA 12m
    ep 3 step 17100/26290  loss 2.7978  lr 7.13e-05  12.84 it/s  ETA 12m
    ep 3 step 17200/26290  loss 2.7453  lr 7.05e-05  12.85 it/s  ETA 12m
    ep 3 step 17300/26290  loss 2.7834  lr 6.97e-05  12.85 it/s  ETA 12m
    ep 3 step 17400/26290  loss 2.7425  lr 6.89e-05  12.85 it/s  ETA 12m
    ep 3 step 17500/26290  loss 2.7581  lr 6.82e-05  12.85 it/s  ETA 11m
    ep 3 step 17600/26290  loss 2.7829  lr 6.74e-05  12.85 it/s  ETA 11m
    ep 3 step 17700/26290  loss 2.7661  lr 6.66e-05  12.86 it/s  ETA 11m
    ep 3 step 17800/26290  loss 2.7725  lr 6.58e-05  12.86 it/s  ETA 11m
    ep 3 step 17900/26290  loss 2.7812  lr 6.51e-05  12.86 it/s  ETA 11m
    ep 3 step 18000/26290  loss 2.7672  lr 6.43e-05  12.86 it/s  ETA 11m
    ep 3 step 18100/26290  loss 2.8043  lr 6.35e-05  12.86 it/s  ETA 11m
    ep 3 step 18200/26290  loss 2.7711  lr 6.27e-05  12.87 it/s  ETA 10m
    ep 3 step 18300/26290  loss 2.7706  lr 6.20e-05  12.87 it/s  ETA 10m
    ep 3 step 18400/26290  loss 2.7973  lr 6.12e-05  12.87 it/s  ETA 10m
    ep 3 step 18500/26290  loss 2.7469  lr 6.04e-05  12.87 it/s  ETA 10m
    ep 3 step 18600/26290  loss 2.7868  lr 5.96e-05  12.87 it/s  ETA 10m
    ep 3 step 18700/26290  loss 2.7492  lr 5.89e-05  12.87 it/s  ETA 10m
    ep 3 step 18800/26290  loss 2.7624  lr 5.81e-05  12.87 it/s  ETA 10m
    ep 3 step 18900/26290  loss 2.7913  lr 5.73e-05  12.88 it/s  ETA 10m
    ep 3 step 19000/26290  loss 2.7862  lr 5.65e-05  12.88 it/s  ETA 9m
    ep 3 step 19100/26290  loss 2.7414  lr 5.58e-05  12.88 it/s  ETA 9m
    ep 3 step 19200/26290  loss 2.7646  lr 5.50e-05  12.88 it/s  ETA 9m
    ep 3 step 19300/26290  loss 2.7746  lr 5.42e-05  12.88 it/s  ETA 9m
    ep 3 step 19400/26290  loss 2.7649  lr 5.34e-05  12.88 it/s  ETA 9m
    ep 3 step 19500/26290  loss 2.7741  lr 5.27e-05  12.88 it/s  ETA 9m
    ep 3 step 19600/26290  loss 2.7367  lr 5.19e-05  12.89 it/s  ETA 9m
    ep 3 step 19700/26290  loss 2.8058  lr 5.11e-05  12.89 it/s  ETA 9m
    ep 3 step 19800/26290  loss 2.7908  lr 5.03e-05  12.89 it/s  ETA 8m
    ep 3 step 19900/26290  loss 2.7498  lr 4.96e-05  12.89 it/s  ETA 8m
    ep 3 step 20000/26290  loss 2.7684  lr 4.88e-05  12.89 it/s  ETA 8m
    ep 3 step 20100/26290  loss 2.7397  lr 4.80e-05  12.89 it/s  ETA 8m
    ep 3 step 20200/26290  loss 2.7499  lr 4.72e-05  12.89 it/s  ETA 8m
    ep 3 step 20300/26290  loss 2.7703  lr 4.65e-05  12.89 it/s  ETA 8m
    ep 3 step 20400/26290  loss 2.7215  lr 4.57e-05  12.90 it/s  ETA 8m
    ep 3 step 20500/26290  loss 2.7723  lr 4.49e-05  12.90 it/s  ETA 7m
    ep 3 step 20600/26290  loss 2.7612  lr 4.41e-05  12.90 it/s  ETA 7m
    ep 3 step 20700/26290  loss 2.7635  lr 4.34e-05  12.90 it/s  ETA 7m
    ep 3 step 20800/26290  loss 2.7821  lr 4.26e-05  12.90 it/s  ETA 7m
    ep 3 step 20900/26290  loss 2.7711  lr 4.18e-05  12.90 it/s  ETA 7m
    ep 3 step 21000/26290  loss 2.7553  lr 4.10e-05  12.90 it/s  ETA 7m
    [ep 3] val loss 1.2844  ppl 3.612  train 1.2197  gap +0.0647  (10s)
    ep 4 step 21100/26290  loss 2.7456  lr 4.02e-05  12.82 it/s  ETA 7m
    ep 4 step 21200/26290  loss 2.7609  lr 3.95e-05  12.83 it/s  ETA 7m
    ep 4 step 21300/26290  loss 2.7472  lr 3.87e-05  12.83 it/s  ETA 6m
    ep 4 step 21400/26290  loss 2.8051  lr 3.79e-05  12.83 it/s  ETA 6m
    ep 4 step 21500/26290  loss 2.7563  lr 3.71e-05  12.83 it/s  ETA 6m
    ep 4 step 21600/26290  loss 2.7771  lr 3.64e-05  12.83 it/s  ETA 6m
    ep 4 step 21700/26290  loss 2.7740  lr 3.56e-05  12.83 it/s  ETA 6m
    ep 4 step 21800/26290  loss 2.7566  lr 3.48e-05  12.83 it/s  ETA 6m
    ep 4 step 21900/26290  loss 2.7824  lr 3.40e-05  12.84 it/s  ETA 6m
    ep 4 step 22000/26290  loss 2.7593  lr 3.33e-05  12.84 it/s  ETA 6m
    ep 4 step 22100/26290  loss 2.7148  lr 3.25e-05  12.84 it/s  ETA 5m
    ep 4 step 22200/26290  loss 2.7249  lr 3.17e-05  12.84 it/s  ETA 5m
    ep 4 step 22300/26290  loss 2.7807  lr 3.09e-05  12.84 it/s  ETA 5m
    ep 4 step 22400/26290  loss 2.7640  lr 3.02e-05  12.84 it/s  ETA 5m
    ep 4 step 22500/26290  loss 2.7578  lr 2.94e-05  12.84 it/s  ETA 5m
    ep 4 step 22600/26290  loss 2.7868  lr 2.86e-05  12.84 it/s  ETA 5m
    ep 4 step 22700/26290  loss 2.7549  lr 2.78e-05  12.84 it/s  ETA 5m
    ep 4 step 22800/26290  loss 2.7404  lr 2.71e-05  12.85 it/s  ETA 5m
    ep 4 step 22900/26290  loss 2.7650  lr 2.63e-05  12.85 it/s  ETA 4m
    ep 4 step 23000/26290  loss 2.7600  lr 2.55e-05  12.85 it/s  ETA 4m
    ep 4 step 23100/26290  loss 2.7423  lr 2.47e-05  12.85 it/s  ETA 4m
    ep 4 step 23200/26290  loss 2.7459  lr 2.40e-05  12.85 it/s  ETA 4m
    ep 4 step 23300/26290  loss 2.7637  lr 2.32e-05  12.85 it/s  ETA 4m
    ep 4 step 23400/26290  loss 2.7645  lr 2.24e-05  12.85 it/s  ETA 4m
    ep 4 step 23500/26290  loss 2.7663  lr 2.16e-05  12.85 it/s  ETA 4m
    ep 4 step 23600/26290  loss 2.8003  lr 2.09e-05  12.85 it/s  ETA 3m
    ep 4 step 23700/26290  loss 2.7494  lr 2.01e-05  12.86 it/s  ETA 3m
    ep 4 step 23800/26290  loss 2.7632  lr 1.93e-05  12.86 it/s  ETA 3m
    ep 4 step 23900/26290  loss 2.7665  lr 1.85e-05  12.86 it/s  ETA 3m
    ep 4 step 24000/26290  loss 2.7673  lr 1.78e-05  12.86 it/s  ETA 3m
    ep 4 step 24100/26290  loss 2.7745  lr 1.70e-05  12.86 it/s  ETA 3m
    ep 4 step 24200/26290  loss 2.7450  lr 1.62e-05  12.86 it/s  ETA 3m
    ep 4 step 24300/26290  loss 2.7315  lr 1.54e-05  12.86 it/s  ETA 3m
    ep 4 step 24400/26290  loss 2.7434  lr 1.47e-05  12.87 it/s  ETA 2m
    ep 4 step 24500/26290  loss 2.7617  lr 1.39e-05  12.87 it/s  ETA 2m
    ep 4 step 24600/26290  loss 2.7873  lr 1.31e-05  12.87 it/s  ETA 2m
    ep 4 step 24700/26290  loss 2.7601  lr 1.23e-05  12.87 it/s  ETA 2m
    ep 4 step 24800/26290  loss 2.7457  lr 1.16e-05  12.87 it/s  ETA 2m
    ep 4 step 24900/26290  loss 2.7616  lr 1.08e-05  12.88 it/s  ETA 2m
    ep 4 step 25000/26290  loss 2.7805  lr 1.00e-05  12.88 it/s  ETA 2m
    ep 4 step 25100/26290  loss 2.7713  lr 9.23e-06  12.88 it/s  ETA 2m
    ep 4 step 25200/26290  loss 2.7710  lr 8.45e-06  12.88 it/s  ETA 1m
    ep 4 step 25300/26290  loss 2.7635  lr 7.68e-06  12.88 it/s  ETA 1m
    ep 4 step 25400/26290  loss 2.7501  lr 6.90e-06  12.88 it/s  ETA 1m
    ep 4 step 25500/26290  loss 2.7618  lr 6.13e-06  12.88 it/s  ETA 1m
    ep 4 step 25600/26290  loss 2.7786  lr 5.35e-06  12.88 it/s  ETA 1m
    ep 4 step 25700/26290  loss 2.7695  lr 4.58e-06  12.89 it/s  ETA 1m
    ep 4 step 25800/26290  loss 2.7863  lr 3.80e-06  12.89 it/s  ETA 1m
    ep 4 step 25900/26290  loss 2.8129  lr 3.02e-06  12.89 it/s  ETA 1m
    ep 4 step 26000/26290  loss 2.7725  lr 2.25e-06  12.89 it/s  ETA 0m
    ep 4 step 26100/26290  loss 2.7718  lr 1.47e-06  12.89 it/s  ETA 0m
    ep 4 step 26200/26290  loss 2.7412  lr 6.98e-07  12.89 it/s  ETA 0m
    [ep 4] val loss 1.2790  ppl 3.593  train 1.2115  gap +0.0674  (10s)  <- tot nhat
    luu runs_qwen0.5B_bf16/rowspace_r2_colperm_s0_last.pt  (0.1 MB)
    luu runs_qwen0.5B_bf16/rowspace_r2_colperm_s0_best.pt  (epoch 4, val 1.2790)
      sinh 32/630  (1s)

    [rowspace_r2_colperm_s0]  BLEU-4 = 61.25   ROUGE-L = 64.94   (630 cau)
    vi du: Blue Spice is a coffee shop in the city centre.
    sinh 630 cau trong 39s (16.35 cau/s, 402 tu/s)

  do tre (batch 8 x seq 128):
    forward            28.83 ms  (35.5 k token/s)
    forward+bwd        88.14 ms  (11.6 k token/s)
    forward da gop     26.78 ms   -> chua gop cham hon +7.7 %

  ket qua -> runs_qwen0.5B_bf16/rowspace_r2_colperm_s0.json  (va them dong vao summary.jsonl)
  cham diem chinh thuc:  python measure_scores.py runs_qwen0.5B_bf16/rowspace_r2_colperm_s0_refs.txt runs_qwen0.5B_bf16/rowspace_r2_colperm_s0_hyps.txt
RUN_DONE_0.5B_bf16_rowspace_r2

==================================================================
==> 0.5B  bf16  rowspace r=8
==================================================================

=== rowspace_r8_colperm_s0 ===
model=Qwen/Qwen2.5-0.5B  device=cuda  targets=['self_attn.k_proj', 'self_attn.v_proj']
  nap E2E NLG...
  train 42061 vi du | val 4672 | test 630 MR duy nhat
Loading weights:   0%|          | 0/290 [00:00<?, ?it/s]Loading weights: 100%|██████████| 290/290 [00:00<00:00, 7766.44it/s]
  model dtype: bf16 (nguong kiem phan ra noi thanh 3e-02)
  phan ra tren cuda
  phan ra ['self_attn.k_proj', 'self_attn.v_proj'] (basis=colperm)...
    6/24 block  (0s)
    12/24 block  (0s)
    18/24 block  (1s)
    24/24 block  (1s)
  kiem phan ra: sai so dau ra lon nhat 9.40e-03 (h.14.self_attn.v_proj)

  TRAIN DUOC: 0.098 M (0.020 % cua 494.13 M)   [dung model + phan ra: 1.5s]

  train: 42061 vi du, 26290 buoc, lr=0.0002 (linear), batch=8
    ep 0 step 100/26290  loss 3.5198  lr 4.00e-05  11.84 it/s  ETA 37m
    ep 0 step 200/26290  loss 3.0810  lr 8.00e-05  12.48 it/s  ETA 35m
    ep 0 step 300/26290  loss 2.9279  lr 1.20e-04  12.68 it/s  ETA 34m
    ep 0 step 400/26290  loss 2.9145  lr 1.60e-04  12.79 it/s  ETA 34m
    ep 0 step 500/26290  loss 2.8878  lr 2.00e-04  12.85 it/s  ETA 33m
    ep 0 step 600/26290  loss 2.8762  lr 1.99e-04  12.90 it/s  ETA 33m
    ep 0 step 700/26290  loss 2.8484  lr 1.98e-04  12.92 it/s  ETA 33m
    ep 0 step 800/26290  loss 2.8328  lr 1.98e-04  12.94 it/s  ETA 33m
    ep 0 step 900/26290  loss 2.8026  lr 1.97e-04  12.98 it/s  ETA 33m
    ep 0 step 1000/26290  loss 2.8029  lr 1.96e-04  12.99 it/s  ETA 32m
    ep 0 step 1100/26290  loss 2.7775  lr 1.95e-04  13.00 it/s  ETA 32m
    ep 0 step 1200/26290  loss 2.7812  lr 1.95e-04  13.01 it/s  ETA 32m
    ep 0 step 1300/26290  loss 2.7427  lr 1.94e-04  13.01 it/s  ETA 32m
    ep 0 step 1400/26290  loss 2.7937  lr 1.93e-04  13.02 it/s  ETA 32m
    ep 0 step 1500/26290  loss 2.8026  lr 1.92e-04  13.03 it/s  ETA 32m
    ep 0 step 1600/26290  loss 2.8030  lr 1.91e-04  13.05 it/s  ETA 32m
    ep 0 step 1700/26290  loss 2.7851  lr 1.91e-04  13.05 it/s  ETA 31m
    ep 0 step 1800/26290  loss 2.7358  lr 1.90e-04  13.05 it/s  ETA 31m
    ep 0 step 1900/26290  loss 2.7703  lr 1.89e-04  13.06 it/s  ETA 31m
    ep 0 step 2000/26290  loss 2.7792  lr 1.88e-04  13.06 it/s  ETA 31m
    ep 0 step 2100/26290  loss 2.7969  lr 1.88e-04  13.06 it/s  ETA 31m
    ep 0 step 2200/26290  loss 2.7552  lr 1.87e-04  13.07 it/s  ETA 31m
    ep 0 step 2300/26290  loss 2.8057  lr 1.86e-04  13.07 it/s  ETA 31m
    ep 0 step 2400/26290  loss 2.7645  lr 1.85e-04  13.07 it/s  ETA 30m
    ep 0 step 2500/26290  loss 2.7562  lr 1.84e-04  13.07 it/s  ETA 30m
    ep 0 step 2600/26290  loss 2.7706  lr 1.84e-04  13.07 it/s  ETA 30m
    ep 0 step 2700/26290  loss 2.7264  lr 1.83e-04  13.07 it/s  ETA 30m
    ep 0 step 2800/26290  loss 2.7788  lr 1.82e-04  13.07 it/s  ETA 30m
    ep 0 step 2900/26290  loss 2.7769  lr 1.81e-04  13.07 it/s  ETA 30m
    ep 0 step 3000/26290  loss 2.7444  lr 1.81e-04  13.07 it/s  ETA 30m
    ep 0 step 3100/26290  loss 2.7571  lr 1.80e-04  13.07 it/s  ETA 30m
    ep 0 step 3200/26290  loss 2.7078  lr 1.79e-04  13.07 it/s  ETA 29m
    ep 0 step 3300/26290  loss 2.7223  lr 1.78e-04  13.07 it/s  ETA 29m
    ep 0 step 3400/26290  loss 2.7911  lr 1.78e-04  13.07 it/s  ETA 29m
    ep 0 step 3500/26290  loss 2.7358  lr 1.77e-04  13.07 it/s  ETA 29m
    ep 0 step 3600/26290  loss 2.7425  lr 1.76e-04  13.07 it/s  ETA 29m
    ep 0 step 3700/26290  loss 2.7586  lr 1.75e-04  13.07 it/s  ETA 29m
    ep 0 step 3800/26290  loss 2.7353  lr 1.74e-04  13.07 it/s  ETA 29m
    ep 0 step 3900/26290  loss 2.7282  lr 1.74e-04  13.07 it/s  ETA 29m
    ep 0 step 4000/26290  loss 2.7609  lr 1.73e-04  13.07 it/s  ETA 28m
    ep 0 step 4100/26290  loss 2.7335  lr 1.72e-04  13.07 it/s  ETA 28m
    ep 0 step 4200/26290  loss 2.7354  lr 1.71e-04  13.08 it/s  ETA 28m
    ep 0 step 4300/26290  loss 2.7376  lr 1.71e-04  13.08 it/s  ETA 28m
    ep 0 step 4400/26290  loss 2.7596  lr 1.70e-04  13.08 it/s  ETA 28m
    ep 0 step 4500/26290  loss 2.7403  lr 1.69e-04  13.08 it/s  ETA 28m
    ep 0 step 4600/26290  loss 2.7430  lr 1.68e-04  13.08 it/s  ETA 28m
    ep 0 step 4700/26290  loss 2.7097  lr 1.67e-04  13.08 it/s  ETA 28m
    ep 0 step 4800/26290  loss 2.7522  lr 1.67e-04  13.08 it/s  ETA 27m
    ep 0 step 4900/26290  loss 2.7246  lr 1.66e-04  13.08 it/s  ETA 27m
    ep 0 step 5000/26290  loss 2.7093  lr 1.65e-04  13.08 it/s  ETA 27m
    ep 0 step 5100/26290  loss 2.7350  lr 1.64e-04  13.08 it/s  ETA 27m
    ep 0 step 5200/26290  loss 2.7486  lr 1.64e-04  13.09 it/s  ETA 27m
[W1004 12:37:37.357875974 CUDACachingAllocator.cpp:3934] memory allocation failed with OOM on device 0 while trying to allocate 457179136 bytes (free: 234291200, total: 23684841472).
[W1004 12:37:41.708305847 CUDACachingAllocator.cpp:3934] memory allocation failed with OOM on device 0 while trying to allocate 643825664 bytes (free: 469172224, total: 23684841472).
[W1004 12:37:44.404153537 CUDACachingAllocator.cpp:3934] memory allocation failed with OOM on device 0 while trying to allocate 778043392 bytes (free: 280428544, total: 23684841472).
[W1004 12:37:46.951114490 CUDACachingAllocator.cpp:3934] memory allocation failed with OOM on device 0 while trying to allocate 914358272 bytes (free: 391577600, total: 23684841472).
    [ep 0] val loss 1.2674  ppl 3.552  train 1.1977  gap +0.0697  (11s)  <- tot nhat
    ep 1 step 5300/26290  loss 2.7321  lr 1.63e-04  12.74 it/s  ETA 27m
    ep 1 step 5400/26290  loss 2.7522  lr 1.62e-04  12.75 it/s  ETA 27m
    ep 1 step 5500/26290  loss 2.7286  lr 1.61e-04  12.76 it/s  ETA 27m
    ep 1 step 5600/26290  loss 2.7259  lr 1.60e-04  12.77 it/s  ETA 27m
    ep 1 step 5700/26290  loss 2.7216  lr 1.60e-04  12.78 it/s  ETA 27m
    ep 1 step 5800/26290  loss 2.7320  lr 1.59e-04  12.79 it/s  ETA 27m
    ep 1 step 5900/26290  loss 2.7150  lr 1.58e-04  12.79 it/s  ETA 27m
    ep 1 step 6000/26290  loss 2.7677  lr 1.57e-04  12.80 it/s  ETA 26m
    ep 1 step 6100/26290  loss 2.7578  lr 1.57e-04  12.81 it/s  ETA 26m
    ep 1 step 6200/26290  loss 2.7200  lr 1.56e-04  12.81 it/s  ETA 26m
    ep 1 step 6300/26290  loss 2.7426  lr 1.55e-04  12.82 it/s  ETA 26m
    ep 1 step 6400/26290  loss 2.7081  lr 1.54e-04  12.83 it/s  ETA 26m
    ep 1 step 6500/26290  loss 2.6748  lr 1.53e-04  12.83 it/s  ETA 26m
    ep 1 step 6600/26290  loss 2.7106  lr 1.53e-04  12.84 it/s  ETA 26m
    ep 1 step 6700/26290  loss 2.7181  lr 1.52e-04  12.84 it/s  ETA 25m
    ep 1 step 6800/26290  loss 2.6790  lr 1.51e-04  12.84 it/s  ETA 25m
    ep 1 step 6900/26290  loss 2.6877  lr 1.50e-04  12.85 it/s  ETA 25m
    ep 1 step 7000/26290  loss 2.7299  lr 1.50e-04  12.85 it/s  ETA 25m
    ep 1 step 7100/26290  loss 2.6993  lr 1.49e-04  12.86 it/s  ETA 25m
    ep 1 step 7200/26290  loss 2.7301  lr 1.48e-04  12.86 it/s  ETA 25m
    ep 1 step 7300/26290  loss 2.7139  lr 1.47e-04  12.87 it/s  ETA 25m
    ep 1 step 7400/26290  loss 2.7327  lr 1.46e-04  12.87 it/s  ETA 24m
    ep 1 step 7500/26290  loss 2.7245  lr 1.46e-04  12.87 it/s  ETA 24m
    ep 1 step 7600/26290  loss 2.7162  lr 1.45e-04  12.88 it/s  ETA 24m
    ep 1 step 7700/26290  loss 2.7243  lr 1.44e-04  12.88 it/s  ETA 24m
    ep 1 step 7800/26290  loss 2.7054  lr 1.43e-04  12.89 it/s  ETA 24m
    ep 1 step 7900/26290  loss 2.6936  lr 1.43e-04  12.89 it/s  ETA 24m
    ep 1 step 8000/26290  loss 2.6909  lr 1.42e-04  12.89 it/s  ETA 24m
    ep 1 step 8100/26290  loss 2.7110  lr 1.41e-04  12.90 it/s  ETA 24m
    ep 1 step 8200/26290  loss 2.6805  lr 1.40e-04  12.90 it/s  ETA 23m
    ep 1 step 8300/26290  loss 2.7127  lr 1.40e-04  12.90 it/s  ETA 23m
    ep 1 step 8400/26290  loss 2.7231  lr 1.39e-04  12.91 it/s  ETA 23m
    ep 1 step 8500/26290  loss 2.7286  lr 1.38e-04  12.91 it/s  ETA 23m
    ep 1 step 8600/26290  loss 2.6997  lr 1.37e-04  12.92 it/s  ETA 23m
    ep 1 step 8700/26290  loss 2.7178  lr 1.36e-04  12.92 it/s  ETA 23m
    ep 1 step 8800/26290  loss 2.7092  lr 1.36e-04  12.92 it/s  ETA 23m
    ep 1 step 8900/26290  loss 2.7242  lr 1.35e-04  12.92 it/s  ETA 22m
    ep 1 step 9000/26290  loss 2.7122  lr 1.34e-04  12.93 it/s  ETA 22m
    ep 1 step 9100/26290  loss 2.7033  lr 1.33e-04  12.93 it/s  ETA 22m
    ep 1 step 9200/26290  loss 2.7224  lr 1.33e-04  12.93 it/s  ETA 22m
    ep 1 step 9300/26290  loss 2.7003  lr 1.32e-04  12.93 it/s  ETA 22m
    ep 1 step 9400/26290  loss 2.6975  lr 1.31e-04  12.93 it/s  ETA 22m
    ep 1 step 9500/26290  loss 2.7444  lr 1.30e-04  12.94 it/s  ETA 22m
    ep 1 step 9600/26290  loss 2.7297  lr 1.29e-04  12.94 it/s  ETA 21m
    ep 1 step 9700/26290  loss 2.6980  lr 1.29e-04  12.94 it/s  ETA 21m
    ep 1 step 9800/26290  loss 2.6894  lr 1.28e-04  12.94 it/s  ETA 21m
    ep 1 step 9900/26290  loss 2.6995  lr 1.27e-04  12.95 it/s  ETA 21m
    ep 1 step 10000/26290  loss 2.7072  lr 1.26e-04  12.95 it/s  ETA 21m
    ep 1 step 10100/26290  loss 2.6638  lr 1.26e-04  12.95 it/s  ETA 21m
    ep 1 step 10200/26290  loss 2.6875  lr 1.25e-04  12.95 it/s  ETA 21m
    ep 1 step 10300/26290  loss 2.6913  lr 1.24e-04  12.95 it/s  ETA 21m
    ep 1 step 10400/26290  loss 2.7238  lr 1.23e-04  12.95 it/s  ETA 20m
    ep 1 step 10500/26290  loss 2.6931  lr 1.22e-04  12.95 it/s  ETA 20m
    [ep 1] val loss 1.2311  ppl 3.425  train 1.1690  gap +0.0622  (10s)  <- tot nhat
    ep 2 step 10600/26290  loss 2.6806  lr 1.22e-04  12.79 it/s  ETA 20m
    ep 2 step 10700/26290  loss 2.6709  lr 1.21e-04  12.80 it/s  ETA 20m
    ep 2 step 10800/26290  loss 2.7191  lr 1.20e-04  12.80 it/s  ETA 20m
    ep 2 step 10900/26290  loss 2.6635  lr 1.19e-04  12.80 it/s  ETA 20m
    ep 2 step 11000/26290  loss 2.6980  lr 1.19e-04  12.80 it/s  ETA 20m
    ep 2 step 11100/26290  loss 2.6722  lr 1.18e-04  12.81 it/s  ETA 20m
    ep 2 step 11200/26290  loss 2.6881  lr 1.17e-04  12.81 it/s  ETA 20m
    ep 2 step 11300/26290  loss 2.6756  lr 1.16e-04  12.81 it/s  ETA 19m
    ep 2 step 11400/26290  loss 2.6837  lr 1.15e-04  12.82 it/s  ETA 19m
    ep 2 step 11500/26290  loss 2.7213  lr 1.15e-04  12.82 it/s  ETA 19m
    ep 2 step 11600/26290  loss 2.6692  lr 1.14e-04  12.82 it/s  ETA 19m
    ep 2 step 11700/26290  loss 2.7229  lr 1.13e-04  12.83 it/s  ETA 19m
    ep 2 step 11800/26290  loss 2.7037  lr 1.12e-04  12.83 it/s  ETA 19m
    ep 2 step 11900/26290  loss 2.7122  lr 1.12e-04  12.83 it/s  ETA 19m
    ep 2 step 12000/26290  loss 2.6926  lr 1.11e-04  12.84 it/s  ETA 19m
    ep 2 step 12100/26290  loss 2.6937  lr 1.10e-04  12.84 it/s  ETA 18m
    ep 2 step 12200/26290  loss 2.6691  lr 1.09e-04  12.84 it/s  ETA 18m
    ep 2 step 12300/26290  loss 2.6744  lr 1.08e-04  12.84 it/s  ETA 18m
    ep 2 step 12400/26290  loss 2.6932  lr 1.08e-04  12.85 it/s  ETA 18m
    ep 2 step 12500/26290  loss 2.7093  lr 1.07e-04  12.85 it/s  ETA 18m
    ep 2 step 12600/26290  loss 2.6864  lr 1.06e-04  12.85 it/s  ETA 18m
    ep 2 step 12700/26290  loss 2.6680  lr 1.05e-04  12.85 it/s  ETA 18m
    ep 2 step 12800/26290  loss 2.6507  lr 1.05e-04  12.86 it/s  ETA 17m
    ep 2 step 12900/26290  loss 2.6526  lr 1.04e-04  12.86 it/s  ETA 17m
    ep 2 step 13000/26290  loss 2.6660  lr 1.03e-04  12.86 it/s  ETA 17m
    ep 2 step 13100/26290  loss 2.6625  lr 1.02e-04  12.87 it/s  ETA 17m
    ep 2 step 13200/26290  loss 2.6863  lr 1.02e-04  12.87 it/s  ETA 17m
    ep 2 step 13300/26290  loss 2.6695  lr 1.01e-04  12.87 it/s  ETA 17m
    ep 2 step 13400/26290  loss 2.6883  lr 1.00e-04  12.87 it/s  ETA 17m
    ep 2 step 13500/26290  loss 2.7012  lr 9.92e-05  12.88 it/s  ETA 17m
    ep 2 step 13600/26290  loss 2.7177  lr 9.84e-05  12.88 it/s  ETA 16m
    ep 2 step 13700/26290  loss 2.7056  lr 9.76e-05  12.88 it/s  ETA 16m
    ep 2 step 13800/26290  loss 2.6840  lr 9.69e-05  12.89 it/s  ETA 16m
    ep 2 step 13900/26290  loss 2.7086  lr 9.61e-05  12.89 it/s  ETA 16m
    ep 2 step 14000/26290  loss 2.6853  lr 9.53e-05  12.89 it/s  ETA 16m
    ep 2 step 14100/26290  loss 2.6803  lr 9.45e-05  12.89 it/s  ETA 16m
    ep 2 step 14200/26290  loss 2.6933  lr 9.38e-05  12.89 it/s  ETA 16m
    ep 2 step 14300/26290  loss 2.7003  lr 9.30e-05  12.90 it/s  ETA 15m
    ep 2 step 14400/26290  loss 2.7063  lr 9.22e-05  12.90 it/s  ETA 15m
    ep 2 step 14500/26290  loss 2.6854  lr 9.14e-05  12.90 it/s  ETA 15m
    ep 2 step 14600/26290  loss 2.6528  lr 9.07e-05  12.90 it/s  ETA 15m
    ep 2 step 14700/26290  loss 2.7121  lr 8.99e-05  12.90 it/s  ETA 15m
    ep 2 step 14800/26290  loss 2.7164  lr 8.91e-05  12.90 it/s  ETA 15m
    ep 2 step 14900/26290  loss 2.6949  lr 8.83e-05  12.90 it/s  ETA 15m
    ep 2 step 15000/26290  loss 2.7166  lr 8.76e-05  12.90 it/s  ETA 15m
    ep 2 step 15100/26290  loss 2.6973  lr 8.68e-05  12.90 it/s  ETA 14m
    ep 2 step 15200/26290  loss 2.6685  lr 8.60e-05  12.90 it/s  ETA 14m
    ep 2 step 15300/26290  loss 2.6857  lr 8.52e-05  12.90 it/s  ETA 14m
    ep 2 step 15400/26290  loss 2.6554  lr 8.45e-05  12.91 it/s  ETA 14m
    ep 2 step 15500/26290  loss 2.7129  lr 8.37e-05  12.91 it/s  ETA 14m
    ep 2 step 15600/26290  loss 2.6721  lr 8.29e-05  12.91 it/s  ETA 14m
    ep 2 step 15700/26290  loss 2.6730  lr 8.21e-05  12.91 it/s  ETA 14m
    [ep 2] val loss 1.2210  ppl 3.390  train 1.1475  gap +0.0735  (10s)  <- tot nhat
    ep 3 step 15800/26290  loss 2.7193  lr 8.13e-05  12.80 it/s  ETA 14m
    ep 3 step 15900/26290  loss 2.6790  lr 8.06e-05  12.80 it/s  ETA 14m
    ep 3 step 16000/26290  loss 2.6426  lr 7.98e-05  12.80 it/s  ETA 13m
    ep 3 step 16100/26290  loss 2.7086  lr 7.90e-05  12.81 it/s  ETA 13m
    ep 3 step 16200/26290  loss 2.6683  lr 7.82e-05  12.81 it/s  ETA 13m
    ep 3 step 16300/26290  loss 2.6644  lr 7.75e-05  12.81 it/s  ETA 13m
    ep 3 step 16400/26290  loss 2.6496  lr 7.67e-05  12.81 it/s  ETA 13m
    ep 3 step 16500/26290  loss 2.6971  lr 7.59e-05  12.81 it/s  ETA 13m
    ep 3 step 16600/26290  loss 2.6792  lr 7.51e-05  12.82 it/s  ETA 13m
    ep 3 step 16700/26290  loss 2.6868  lr 7.44e-05  12.82 it/s  ETA 12m
    ep 3 step 16800/26290  loss 2.6828  lr 7.36e-05  12.82 it/s  ETA 12m
    ep 3 step 16900/26290  loss 2.6954  lr 7.28e-05  12.82 it/s  ETA 12m
    ep 3 step 17000/26290  loss 2.6906  lr 7.20e-05  12.83 it/s  ETA 12m
    ep 3 step 17100/26290  loss 2.7009  lr 7.13e-05  12.83 it/s  ETA 12m
    ep 3 step 17200/26290  loss 2.6540  lr 7.05e-05  12.83 it/s  ETA 12m
    ep 3 step 17300/26290  loss 2.6947  lr 6.97e-05  12.83 it/s  ETA 12m
    ep 3 step 17400/26290  loss 2.6580  lr 6.89e-05  12.83 it/s  ETA 12m
    ep 3 step 17500/26290  loss 2.6671  lr 6.82e-05  12.83 it/s  ETA 11m
    ep 3 step 17600/26290  loss 2.6929  lr 6.74e-05  12.84 it/s  ETA 11m
    ep 3 step 17700/26290  loss 2.6782  lr 6.66e-05  12.84 it/s  ETA 11m
    ep 3 step 17800/26290  loss 2.6874  lr 6.58e-05  12.84 it/s  ETA 11m
    ep 3 step 17900/26290  loss 2.6953  lr 6.51e-05  12.84 it/s  ETA 11m
    ep 3 step 18000/26290  loss 2.6762  lr 6.43e-05  12.85 it/s  ETA 11m
    ep 3 step 18100/26290  loss 2.7114  lr 6.35e-05  12.85 it/s  ETA 11m
    ep 3 step 18200/26290  loss 2.6752  lr 6.27e-05  12.85 it/s  ETA 10m
    ep 3 step 18300/26290  loss 2.6827  lr 6.20e-05  12.85 it/s  ETA 10m
    ep 3 step 18400/26290  loss 2.7067  lr 6.12e-05  12.85 it/s  ETA 10m
    ep 3 step 18500/26290  loss 2.6551  lr 6.04e-05  12.85 it/s  ETA 10m
    ep 3 step 18600/26290  loss 2.6923  lr 5.96e-05  12.86 it/s  ETA 10m
    ep 3 step 18700/26290  loss 2.6543  lr 5.89e-05  12.86 it/s  ETA 10m
    ep 3 step 18800/26290  loss 2.6749  lr 5.81e-05  12.86 it/s  ETA 10m
    ep 3 step 18900/26290  loss 2.6991  lr 5.73e-05  12.86 it/s  ETA 10m
    ep 3 step 19000/26290  loss 2.6931  lr 5.65e-05  12.86 it/s  ETA 9m
    ep 3 step 19100/26290  loss 2.6519  lr 5.58e-05  12.86 it/s  ETA 9m
    ep 3 step 19200/26290  loss 2.6762  lr 5.50e-05  12.87 it/s  ETA 9m
    ep 3 step 19300/26290  loss 2.6818  lr 5.42e-05  12.87 it/s  ETA 9m
    ep 3 step 19400/26290  loss 2.6736  lr 5.34e-05  12.87 it/s  ETA 9m
    ep 3 step 19500/26290  loss 2.6847  lr 5.27e-05  12.87 it/s  ETA 9m
    ep 3 step 19600/26290  loss 2.6471  lr 5.19e-05  12.87 it/s  ETA 9m
    ep 3 step 19700/26290  loss 2.7116  lr 5.11e-05  12.87 it/s  ETA 9m
    ep 3 step 19800/26290  loss 2.6989  lr 5.03e-05  12.87 it/s  ETA 8m
    ep 3 step 19900/26290  loss 2.6609  lr 4.96e-05  12.87 it/s  ETA 8m
    ep 3 step 20000/26290  loss 2.6810  lr 4.88e-05  12.87 it/s  ETA 8m
    ep 3 step 20100/26290  loss 2.6510  lr 4.80e-05  12.87 it/s  ETA 8m
    ep 3 step 20200/26290  loss 2.6637  lr 4.72e-05  12.87 it/s  ETA 8m
    ep 3 step 20300/26290  loss 2.6733  lr 4.65e-05  12.88 it/s  ETA 8m
    ep 3 step 20400/26290  loss 2.6322  lr 4.57e-05  12.88 it/s  ETA 8m
    ep 3 step 20500/26290  loss 2.6738  lr 4.49e-05  12.88 it/s  ETA 7m
    ep 3 step 20600/26290  loss 2.6634  lr 4.41e-05  12.88 it/s  ETA 7m
    ep 3 step 20700/26290  loss 2.6721  lr 4.34e-05  12.88 it/s  ETA 7m
    ep 3 step 20800/26290  loss 2.6907  lr 4.26e-05  12.88 it/s  ETA 7m
    ep 3 step 20900/26290  loss 2.6815  lr 4.18e-05  12.88 it/s  ETA 7m
    ep 3 step 21000/26290  loss 2.6624  lr 4.10e-05  12.88 it/s  ETA 7m
    [ep 3] val loss 1.2188  ppl 3.383  train 1.1439  gap +0.0749  (10s)  <- tot nhat
    ep 4 step 21100/26290  loss 2.6549  lr 4.02e-05  12.80 it/s  ETA 7m
    ep 4 step 21200/26290  loss 2.6726  lr 3.95e-05  12.80 it/s  ETA 7m
    ep 4 step 21300/26290  loss 2.6560  lr 3.87e-05  12.80 it/s  ETA 6m
    ep 4 step 21400/26290  loss 2.7059  lr 3.79e-05  12.80 it/s  ETA 6m
    ep 4 step 21500/26290  loss 2.6638  lr 3.71e-05  12.81 it/s  ETA 6m
    ep 4 step 21600/26290  loss 2.6759  lr 3.64e-05  12.81 it/s  ETA 6m
    ep 4 step 21700/26290  loss 2.6778  lr 3.56e-05  12.81 it/s  ETA 6m
    ep 4 step 21800/26290  loss 2.6657  lr 3.48e-05  12.81 it/s  ETA 6m
    ep 4 step 21900/26290  loss 2.6904  lr 3.40e-05  12.81 it/s  ETA 6m
    ep 4 step 22000/26290  loss 2.6646  lr 3.33e-05  12.81 it/s  ETA 6m
    ep 4 step 22100/26290  loss 2.6272  lr 3.25e-05  12.82 it/s  ETA 5m
    ep 4 step 22200/26290  loss 2.6310  lr 3.17e-05  12.82 it/s  ETA 5m
    ep 4 step 22300/26290  loss 2.6908  lr 3.09e-05  12.82 it/s  ETA 5m
    ep 4 step 22400/26290  loss 2.6771  lr 3.02e-05  12.82 it/s  ETA 5m
    ep 4 step 22500/26290  loss 2.6581  lr 2.94e-05  12.82 it/s  ETA 5m
    ep 4 step 22600/26290  loss 2.6924  lr 2.86e-05  12.82 it/s  ETA 5m
    ep 4 step 22700/26290  loss 2.6699  lr 2.78e-05  12.82 it/s  ETA 5m
    ep 4 step 22800/26290  loss 2.6454  lr 2.71e-05  12.82 it/s  ETA 5m
    ep 4 step 22900/26290  loss 2.6746  lr 2.63e-05  12.82 it/s  ETA 4m
    ep 4 step 23000/26290  loss 2.6674  lr 2.55e-05  12.83 it/s  ETA 4m
    ep 4 step 23100/26290  loss 2.6550  lr 2.47e-05  12.83 it/s  ETA 4m
    ep 4 step 23200/26290  loss 2.6553  lr 2.40e-05  12.83 it/s  ETA 4m
    ep 4 step 23300/26290  loss 2.6753  lr 2.32e-05  12.83 it/s  ETA 4m
    ep 4 step 23400/26290  loss 2.6674  lr 2.24e-05  12.83 it/s  ETA 4m
    ep 4 step 23500/26290  loss 2.6708  lr 2.16e-05  12.83 it/s  ETA 4m
    ep 4 step 23600/26290  loss 2.7002  lr 2.09e-05  12.83 it/s  ETA 3m
    ep 4 step 23700/26290  loss 2.6610  lr 2.01e-05  12.83 it/s  ETA 3m
    ep 4 step 23800/26290  loss 2.6693  lr 1.93e-05  12.83 it/s  ETA 3m
    ep 4 step 23900/26290  loss 2.6691  lr 1.85e-05  12.84 it/s  ETA 3m
    ep 4 step 24000/26290  loss 2.6811  lr 1.78e-05  12.84 it/s  ETA 3m
    ep 4 step 24100/26290  loss 2.6803  lr 1.70e-05  12.84 it/s  ETA 3m
    ep 4 step 24200/26290  loss 2.6470  lr 1.62e-05  12.84 it/s  ETA 3m
    ep 4 step 24300/26290  loss 2.6401  lr 1.54e-05  12.84 it/s  ETA 3m
    ep 4 step 24400/26290  loss 2.6506  lr 1.47e-05  12.84 it/s  ETA 2m
    ep 4 step 24500/26290  loss 2.6673  lr 1.39e-05  12.84 it/s  ETA 2m
    ep 4 step 24600/26290  loss 2.6902  lr 1.31e-05  12.84 it/s  ETA 2m
    ep 4 step 24700/26290  loss 2.6630  lr 1.23e-05  12.84 it/s  ETA 2m
    ep 4 step 24800/26290  loss 2.6554  lr 1.16e-05  12.84 it/s  ETA 2m
    ep 4 step 24900/26290  loss 2.6720  lr 1.08e-05  12.85 it/s  ETA 2m
    ep 4 step 25000/26290  loss 2.6798  lr 1.00e-05  12.85 it/s  ETA 2m
    ep 4 step 25100/26290  loss 2.6773  lr 9.23e-06  12.85 it/s  ETA 2m
    ep 4 step 25200/26290  loss 2.6775  lr 8.45e-06  12.85 it/s  ETA 1m
    ep 4 step 25300/26290  loss 2.6684  lr 7.68e-06  12.85 it/s  ETA 1m
    ep 4 step 25400/26290  loss 2.6555  lr 6.90e-06  12.85 it/s  ETA 1m
    ep 4 step 25500/26290  loss 2.6644  lr 6.13e-06  12.85 it/s  ETA 1m
    ep 4 step 25600/26290  loss 2.6845  lr 5.35e-06  12.85 it/s  ETA 1m
    ep 4 step 25700/26290  loss 2.6752  lr 4.58e-06  12.85 it/s  ETA 1m
    ep 4 step 25800/26290  loss 2.6831  lr 3.80e-06  12.85 it/s  ETA 1m
    ep 4 step 25900/26290  loss 2.7168  lr 3.02e-06  12.85 it/s  ETA 1m
    ep 4 step 26000/26290  loss 2.6786  lr 2.25e-06  12.86 it/s  ETA 0m
    ep 4 step 26100/26290  loss 2.6874  lr 1.47e-06  12.86 it/s  ETA 0m
    ep 4 step 26200/26290  loss 2.6508  lr 6.98e-07  12.86 it/s  ETA 0m
    [ep 4] val loss 1.2151  ppl 3.371  train 1.1366  gap +0.0785  (10s)  <- tot nhat
    luu runs_qwen0.5B_bf16/rowspace_r8_colperm_s0_last.pt  (0.2 MB)
    luu runs_qwen0.5B_bf16/rowspace_r8_colperm_s0_best.pt  (epoch 4, val 1.2151)
      sinh 32/630  (1s)

    [rowspace_r8_colperm_s0]  BLEU-4 = 63.03   ROUGE-L = 65.60   (630 cau)
    vi du: Blue Spice is a coffee shop in the city centre.
    sinh 630 cau trong 38s (16.50 cau/s, 400 tu/s)

  do tre (batch 8 x seq 128):
    forward            29.43 ms  (34.8 k token/s)
    forward+bwd        86.64 ms  (11.8 k token/s)
    forward da gop     27.25 ms   -> chua gop cham hon +8.0 %

  ket qua -> runs_qwen0.5B_bf16/rowspace_r8_colperm_s0.json  (va them dong vao summary.jsonl)
  cham diem chinh thuc:  python measure_scores.py runs_qwen0.5B_bf16/rowspace_r8_colperm_s0_refs.txt runs_qwen0.5B_bf16/rowspace_r8_colperm_s0_hyps.txt
RUN_DONE_0.5B_bf16_rowspace_r8

==================================================================
==> 0.5B  bf16  lora r=2
==================================================================

=== lora_r2_na_s0 ===
model=Qwen/Qwen2.5-0.5B  device=cuda  targets=['self_attn.k_proj', 'self_attn.v_proj']
  nap E2E NLG...
  train 42061 vi du | val 4672 | test 630 MR duy nhat
Loading weights:   0%|          | 0/290 [00:00<?, ?it/s]Loading weights: 100%|██████████| 290/290 [00:00<00:00, 7416.08it/s]
  model dtype: bf16 (nguong kiem phan ra noi thanh 3e-02)

  TRAIN DUOC: 0.098 M (0.020 % cua 494.13 M)   [dung model + phan ra: 0.7s]

  train: 42061 vi du, 26290 buoc, lr=0.0002 (linear), batch=8
    ep 0 step 100/26290  loss 3.7527  lr 4.00e-05  12.85 it/s  ETA 34m
    ep 0 step 200/26290  loss 3.2728  lr 8.00e-05  13.80 it/s  ETA 32m
    ep 0 step 300/26290  loss 3.0500  lr 1.20e-04  14.16 it/s  ETA 31m
    ep 0 step 400/26290  loss 3.0037  lr 1.60e-04  14.33 it/s  ETA 30m
    ep 0 step 500/26290  loss 2.9506  lr 2.00e-04  14.43 it/s  ETA 30m
    ep 0 step 600/26290  loss 2.9314  lr 1.99e-04  14.53 it/s  ETA 29m
    ep 0 step 700/26290  loss 2.8956  lr 1.98e-04  14.57 it/s  ETA 29m
    ep 0 step 800/26290  loss 2.8838  lr 1.98e-04  14.62 it/s  ETA 29m
    ep 0 step 900/26290  loss 2.8582  lr 1.97e-04  14.65 it/s  ETA 29m
    ep 0 step 1000/26290  loss 2.8584  lr 1.96e-04  14.67 it/s  ETA 29m
    ep 0 step 1100/26290  loss 2.8365  lr 1.95e-04  14.67 it/s  ETA 29m
    ep 0 step 1200/26290  loss 2.8345  lr 1.95e-04  14.68 it/s  ETA 28m
    ep 0 step 1300/26290  loss 2.7992  lr 1.94e-04  14.68 it/s  ETA 28m
    ep 0 step 1400/26290  loss 2.8519  lr 1.93e-04  14.69 it/s  ETA 28m
    ep 0 step 1500/26290  loss 2.8620  lr 1.92e-04  14.70 it/s  ETA 28m
    ep 0 step 1600/26290  loss 2.8627  lr 1.91e-04  14.71 it/s  ETA 28m
    ep 0 step 1700/26290  loss 2.8429  lr 1.91e-04  14.71 it/s  ETA 28m
    ep 0 step 1800/26290  loss 2.7914  lr 1.90e-04  14.71 it/s  ETA 28m
    ep 0 step 1900/26290  loss 2.8321  lr 1.89e-04  14.71 it/s  ETA 28m
    ep 0 step 2000/26290  loss 2.8403  lr 1.88e-04  14.71 it/s  ETA 28m
    ep 0 step 2100/26290  loss 2.8571  lr 1.88e-04  14.72 it/s  ETA 27m
    ep 0 step 2200/26290  loss 2.8145  lr 1.87e-04  14.72 it/s  ETA 27m
    ep 0 step 2300/26290  loss 2.8656  lr 1.86e-04  14.72 it/s  ETA 27m
    ep 0 step 2400/26290  loss 2.8337  lr 1.85e-04  14.72 it/s  ETA 27m
    ep 0 step 2500/26290  loss 2.8215  lr 1.84e-04  14.72 it/s  ETA 27m
    ep 0 step 2600/26290  loss 2.8368  lr 1.84e-04  14.72 it/s  ETA 27m
    ep 0 step 2700/26290  loss 2.7892  lr 1.83e-04  14.73 it/s  ETA 27m
    ep 0 step 2800/26290  loss 2.8427  lr 1.82e-04  14.73 it/s  ETA 27m
    ep 0 step 2900/26290  loss 2.8361  lr 1.81e-04  14.73 it/s  ETA 26m
    ep 0 step 3000/26290  loss 2.8019  lr 1.81e-04  14.73 it/s  ETA 26m
    ep 0 step 3100/26290  loss 2.8271  lr 1.80e-04  14.74 it/s  ETA 26m
    ep 0 step 3200/26290  loss 2.7748  lr 1.79e-04  14.74 it/s  ETA 26m
    ep 0 step 3300/26290  loss 2.7911  lr 1.78e-04  14.74 it/s  ETA 26m
    ep 0 step 3400/26290  loss 2.8622  lr 1.78e-04  14.75 it/s  ETA 26m
    ep 0 step 3500/26290  loss 2.8080  lr 1.77e-04  14.75 it/s  ETA 26m
    ep 0 step 3600/26290  loss 2.8164  lr 1.76e-04  14.75 it/s  ETA 26m
    ep 0 step 3700/26290  loss 2.8328  lr 1.75e-04  14.75 it/s  ETA 26m
    ep 0 step 3800/26290  loss 2.8083  lr 1.74e-04  14.76 it/s  ETA 25m
    ep 0 step 3900/26290  loss 2.7958  lr 1.74e-04  14.76 it/s  ETA 25m
    ep 0 step 4000/26290  loss 2.8361  lr 1.73e-04  14.76 it/s  ETA 25m
    ep 0 step 4100/26290  loss 2.8053  lr 1.72e-04  14.76 it/s  ETA 25m
    ep 0 step 4200/26290  loss 2.8109  lr 1.71e-04  14.77 it/s  ETA 25m
    ep 0 step 4300/26290  loss 2.8150  lr 1.71e-04  14.77 it/s  ETA 25m
    ep 0 step 4400/26290  loss 2.8306  lr 1.70e-04  14.78 it/s  ETA 25m
    ep 0 step 4500/26290  loss 2.8069  lr 1.69e-04  14.78 it/s  ETA 25m
    ep 0 step 4600/26290  loss 2.8123  lr 1.68e-04  14.78 it/s  ETA 24m
    ep 0 step 4700/26290  loss 2.7861  lr 1.67e-04  14.78 it/s  ETA 24m
    ep 0 step 4800/26290  loss 2.8255  lr 1.67e-04  14.78 it/s  ETA 24m
    ep 0 step 4900/26290  loss 2.7945  lr 1.66e-04  14.79 it/s  ETA 24m
    ep 0 step 5000/26290  loss 2.7872  lr 1.65e-04  14.79 it/s  ETA 24m
    ep 0 step 5100/26290  loss 2.8107  lr 1.64e-04  14.79 it/s  ETA 24m
    ep 0 step 5200/26290  loss 2.8234  lr 1.64e-04  14.80 it/s  ETA 24m
[W1004 13:12:04.228938252 CUDACachingAllocator.cpp:3934] memory allocation failed with OOM on device 0 while trying to allocate 457179136 bytes (free: 219611136, total: 23684841472).
[W1004 13:12:07.503911594 CUDACachingAllocator.cpp:3934] memory allocation failed with OOM on device 0 while trying to allocate 643825664 bytes (free: 471269376, total: 23684841472).
[W1004 13:12:11.116603031 CUDACachingAllocator.cpp:3934] memory allocation failed with OOM on device 0 while trying to allocate 778043392 bytes (free: 284622848, total: 23684841472).
[W1004 13:12:13.666600333 CUDACachingAllocator.cpp:3934] memory allocation failed with OOM on device 0 while trying to allocate 914358272 bytes (free: 391577600, total: 23684841472).
    [ep 0] val loss 1.2862  ppl 3.619  train 1.2222  gap +0.0640  (11s)  <- tot nhat
    ep 1 step 5300/26290  loss 2.8144  lr 1.63e-04  14.38 it/s  ETA 24m
    ep 1 step 5400/26290  loss 2.8364  lr 1.62e-04  14.39 it/s  ETA 24m
    ep 1 step 5500/26290  loss 2.8095  lr 1.61e-04  14.40 it/s  ETA 24m
    ep 1 step 5600/26290  loss 2.8060  lr 1.60e-04  14.41 it/s  ETA 24m
    ep 1 step 5700/26290  loss 2.8002  lr 1.60e-04  14.42 it/s  ETA 24m
    ep 1 step 5800/26290  loss 2.8129  lr 1.59e-04  14.43 it/s  ETA 24m
    ep 1 step 5900/26290  loss 2.7883  lr 1.58e-04  14.44 it/s  ETA 24m
    ep 1 step 6000/26290  loss 2.8520  lr 1.57e-04  14.45 it/s  ETA 23m
    ep 1 step 6100/26290  loss 2.8389  lr 1.57e-04  14.46 it/s  ETA 23m
    ep 1 step 6200/26290  loss 2.8005  lr 1.56e-04  14.47 it/s  ETA 23m
    ep 1 step 6300/26290  loss 2.8301  lr 1.55e-04  14.47 it/s  ETA 23m
    ep 1 step 6400/26290  loss 2.7856  lr 1.54e-04  14.48 it/s  ETA 23m
    ep 1 step 6500/26290  loss 2.7566  lr 1.53e-04  14.49 it/s  ETA 23m
    ep 1 step 6600/26290  loss 2.7931  lr 1.53e-04  14.49 it/s  ETA 23m
    ep 1 step 6700/26290  loss 2.7942  lr 1.52e-04  14.50 it/s  ETA 23m
    ep 1 step 6800/26290  loss 2.7581  lr 1.51e-04  14.50 it/s  ETA 22m
    ep 1 step 6900/26290  loss 2.7703  lr 1.50e-04  14.51 it/s  ETA 22m
    ep 1 step 7000/26290  loss 2.8109  lr 1.50e-04  14.52 it/s  ETA 22m
    ep 1 step 7100/26290  loss 2.7761  lr 1.49e-04  14.52 it/s  ETA 22m
    ep 1 step 7200/26290  loss 2.8096  lr 1.48e-04  14.53 it/s  ETA 22m
    ep 1 step 7300/26290  loss 2.7901  lr 1.47e-04  14.54 it/s  ETA 22m
    ep 1 step 7400/26290  loss 2.8071  lr 1.46e-04  14.54 it/s  ETA 22m
    ep 1 step 7500/26290  loss 2.8056  lr 1.46e-04  14.55 it/s  ETA 22m
    ep 1 step 7600/26290  loss 2.8022  lr 1.45e-04  14.55 it/s  ETA 21m
    ep 1 step 7700/26290  loss 2.8072  lr 1.44e-04  14.56 it/s  ETA 21m
    ep 1 step 7800/26290  loss 2.7905  lr 1.43e-04  14.56 it/s  ETA 21m
    ep 1 step 7900/26290  loss 2.7776  lr 1.43e-04  14.56 it/s  ETA 21m
    ep 1 step 8000/26290  loss 2.7733  lr 1.42e-04  14.57 it/s  ETA 21m
    ep 1 step 8100/26290  loss 2.7961  lr 1.41e-04  14.57 it/s  ETA 21m
    ep 1 step 8200/26290  loss 2.7626  lr 1.40e-04  14.57 it/s  ETA 21m
    ep 1 step 8300/26290  loss 2.7910  lr 1.40e-04  14.58 it/s  ETA 21m
    ep 1 step 8400/26290  loss 2.8036  lr 1.39e-04  14.58 it/s  ETA 20m
    ep 1 step 8500/26290  loss 2.8108  lr 1.38e-04  14.58 it/s  ETA 20m
    ep 1 step 8600/26290  loss 2.7845  lr 1.37e-04  14.59 it/s  ETA 20m
    ep 1 step 8700/26290  loss 2.8002  lr 1.36e-04  14.59 it/s  ETA 20m
    ep 1 step 8800/26290  loss 2.7935  lr 1.36e-04  14.59 it/s  ETA 20m
    ep 1 step 8900/26290  loss 2.8113  lr 1.35e-04  14.59 it/s  ETA 20m
    ep 1 step 9000/26290  loss 2.7964  lr 1.34e-04  14.60 it/s  ETA 20m
    ep 1 step 9100/26290  loss 2.7817  lr 1.33e-04  14.60 it/s  ETA 20m
    ep 1 step 9200/26290  loss 2.8028  lr 1.33e-04  14.60 it/s  ETA 20m
    ep 1 step 9300/26290  loss 2.7839  lr 1.32e-04  14.60 it/s  ETA 19m
    ep 1 step 9400/26290  loss 2.7827  lr 1.31e-04  14.61 it/s  ETA 19m
    ep 1 step 9500/26290  loss 2.8313  lr 1.30e-04  14.61 it/s  ETA 19m
    ep 1 step 9600/26290  loss 2.8107  lr 1.29e-04  14.61 it/s  ETA 19m
    ep 1 step 9700/26290  loss 2.7803  lr 1.29e-04  14.61 it/s  ETA 19m
    ep 1 step 9800/26290  loss 2.7741  lr 1.28e-04  14.62 it/s  ETA 19m
    ep 1 step 9900/26290  loss 2.7900  lr 1.27e-04  14.62 it/s  ETA 19m
    ep 1 step 10000/26290  loss 2.7912  lr 1.26e-04  14.62 it/s  ETA 19m
    ep 1 step 10100/26290  loss 2.7502  lr 1.26e-04  14.63 it/s  ETA 18m
    ep 1 step 10200/26290  loss 2.7648  lr 1.25e-04  14.63 it/s  ETA 18m
    ep 1 step 10300/26290  loss 2.7739  lr 1.24e-04  14.63 it/s  ETA 18m
    ep 1 step 10400/26290  loss 2.8095  lr 1.23e-04  14.64 it/s  ETA 18m
    ep 1 step 10500/26290  loss 2.7780  lr 1.22e-04  14.64 it/s  ETA 18m
    [ep 1] val loss 1.2894  ppl 3.631  train 1.2361  gap +0.0534  (10s)
    ep 2 step 10600/26290  loss 2.7689  lr 1.22e-04  14.44 it/s  ETA 18m
    ep 2 step 10700/26290  loss 2.7635  lr 1.21e-04  14.45 it/s  ETA 18m
    ep 2 step 10800/26290  loss 2.8075  lr 1.20e-04  14.45 it/s  ETA 18m
    ep 2 step 10900/26290  loss 2.7525  lr 1.19e-04  14.46 it/s  ETA 18m
    ep 2 step 11000/26290  loss 2.7885  lr 1.19e-04  14.46 it/s  ETA 18m
    ep 2 step 11100/26290  loss 2.7631  lr 1.18e-04  14.46 it/s  ETA 18m
    ep 2 step 11200/26290  loss 2.7803  lr 1.17e-04  14.47 it/s  ETA 17m
    ep 2 step 11300/26290  loss 2.7743  lr 1.16e-04  14.47 it/s  ETA 17m
    ep 2 step 11400/26290  loss 2.7755  lr 1.15e-04  14.47 it/s  ETA 17m
    ep 2 step 11500/26290  loss 2.8156  lr 1.15e-04  14.48 it/s  ETA 17m
    ep 2 step 11600/26290  loss 2.7594  lr 1.14e-04  14.48 it/s  ETA 17m
    ep 2 step 11700/26290  loss 2.8136  lr 1.13e-04  14.48 it/s  ETA 17m
    ep 2 step 11800/26290  loss 2.7930  lr 1.12e-04  14.48 it/s  ETA 17m
    ep 2 step 11900/26290  loss 2.8048  lr 1.12e-04  14.49 it/s  ETA 17m
    ep 2 step 12000/26290  loss 2.7874  lr 1.11e-04  14.49 it/s  ETA 16m
    ep 2 step 12100/26290  loss 2.7944  lr 1.10e-04  14.50 it/s  ETA 16m
    ep 2 step 12200/26290  loss 2.7712  lr 1.09e-04  14.50 it/s  ETA 16m
    ep 2 step 12300/26290  loss 2.7670  lr 1.08e-04  14.50 it/s  ETA 16m
    ep 2 step 12400/26290  loss 2.7856  lr 1.08e-04  14.50 it/s  ETA 16m
    ep 2 step 12500/26290  loss 2.8054  lr 1.07e-04  14.51 it/s  ETA 16m
    ep 2 step 12600/26290  loss 2.7798  lr 1.06e-04  14.51 it/s  ETA 16m
    ep 2 step 12700/26290  loss 2.7628  lr 1.05e-04  14.52 it/s  ETA 16m
    ep 2 step 12800/26290  loss 2.7436  lr 1.05e-04  14.52 it/s  ETA 15m
    ep 2 step 12900/26290  loss 2.7439  lr 1.04e-04  14.52 it/s  ETA 15m
    ep 2 step 13000/26290  loss 2.7583  lr 1.03e-04  14.52 it/s  ETA 15m
    ep 2 step 13100/26290  loss 2.7576  lr 1.02e-04  14.52 it/s  ETA 15m
    ep 2 step 13200/26290  loss 2.7790  lr 1.02e-04  14.53 it/s  ETA 15m
    ep 2 step 13300/26290  loss 2.7686  lr 1.01e-04  14.53 it/s  ETA 15m
    ep 2 step 13400/26290  loss 2.7805  lr 1.00e-04  14.53 it/s  ETA 15m
    ep 2 step 13500/26290  loss 2.7944  lr 9.92e-05  14.53 it/s  ETA 15m
    ep 2 step 13600/26290  loss 2.8119  lr 9.84e-05  14.53 it/s  ETA 15m
    ep 2 step 13700/26290  loss 2.7942  lr 9.76e-05  14.53 it/s  ETA 14m
    ep 2 step 13800/26290  loss 2.7805  lr 9.69e-05  14.54 it/s  ETA 14m
    ep 2 step 13900/26290  loss 2.8005  lr 9.61e-05  14.54 it/s  ETA 14m
    ep 2 step 14000/26290  loss 2.7825  lr 9.53e-05  14.54 it/s  ETA 14m
    ep 2 step 14100/26290  loss 2.7771  lr 9.45e-05  14.54 it/s  ETA 14m
    ep 2 step 14200/26290  loss 2.7889  lr 9.38e-05  14.55 it/s  ETA 14m
    ep 2 step 14300/26290  loss 2.7921  lr 9.30e-05  14.55 it/s  ETA 14m
    ep 2 step 14400/26290  loss 2.8037  lr 9.22e-05  14.55 it/s  ETA 14m
    ep 2 step 14500/26290  loss 2.7807  lr 9.14e-05  14.55 it/s  ETA 14m
    ep 2 step 14600/26290  loss 2.7491  lr 9.07e-05  14.56 it/s  ETA 13m
    ep 2 step 14700/26290  loss 2.8056  lr 8.99e-05  14.56 it/s  ETA 13m
    ep 2 step 14800/26290  loss 2.8079  lr 8.91e-05  14.56 it/s  ETA 13m
    ep 2 step 14900/26290  loss 2.7941  lr 8.83e-05  14.56 it/s  ETA 13m
    ep 2 step 15000/26290  loss 2.8152  lr 8.76e-05  14.57 it/s  ETA 13m
    ep 2 step 15100/26290  loss 2.7992  lr 8.68e-05  14.57 it/s  ETA 13m
    ep 2 step 15200/26290  loss 2.7643  lr 8.60e-05  14.57 it/s  ETA 13m
    ep 2 step 15300/26290  loss 2.7774  lr 8.52e-05  14.57 it/s  ETA 13m
    ep 2 step 15400/26290  loss 2.7480  lr 8.45e-05  14.57 it/s  ETA 12m
    ep 2 step 15500/26290  loss 2.8141  lr 8.37e-05  14.58 it/s  ETA 12m
    ep 2 step 15600/26290  loss 2.7685  lr 8.29e-05  14.58 it/s  ETA 12m
    ep 2 step 15700/26290  loss 2.7670  lr 8.21e-05  14.58 it/s  ETA 12m
    [ep 2] val loss 1.2860  ppl 3.618  train 1.2267  gap +0.0592  (10s)  <- tot nhat
    ep 3 step 15800/26290  loss 2.8183  lr 8.13e-05  14.45 it/s  ETA 12m
    ep 3 step 15900/26290  loss 2.7828  lr 8.06e-05  14.45 it/s  ETA 12m
    ep 3 step 16000/26290  loss 2.7444  lr 7.98e-05  14.45 it/s  ETA 12m
    ep 3 step 16100/26290  loss 2.8126  lr 7.90e-05  14.45 it/s  ETA 12m
    ep 3 step 16200/26290  loss 2.7675  lr 7.82e-05  14.46 it/s  ETA 12m
    ep 3 step 16300/26290  loss 2.7583  lr 7.75e-05  14.46 it/s  ETA 12m
    ep 3 step 16400/26290  loss 2.7439  lr 7.67e-05  14.46 it/s  ETA 11m
    ep 3 step 16500/26290  loss 2.7981  lr 7.59e-05  14.47 it/s  ETA 11m
    ep 3 step 16600/26290  loss 2.7883  lr 7.51e-05  14.47 it/s  ETA 11m
    ep 3 step 16700/26290  loss 2.7863  lr 7.44e-05  14.47 it/s  ETA 11m
    ep 3 step 16800/26290  loss 2.7821  lr 7.36e-05  14.48 it/s  ETA 11m
    ep 3 step 16900/26290  loss 2.7973  lr 7.28e-05  14.48 it/s  ETA 11m
    ep 3 step 17000/26290  loss 2.7915  lr 7.20e-05  14.48 it/s  ETA 11m
    ep 3 step 17100/26290  loss 2.8061  lr 7.13e-05  14.49 it/s  ETA 11m
    ep 3 step 17200/26290  loss 2.7614  lr 7.05e-05  14.49 it/s  ETA 10m
    ep 3 step 17300/26290  loss 2.7948  lr 6.97e-05  14.50 it/s  ETA 10m
    ep 3 step 17400/26290  loss 2.7555  lr 6.89e-05  14.50 it/s  ETA 10m
    ep 3 step 17500/26290  loss 2.7620  lr 6.82e-05  14.50 it/s  ETA 10m
    ep 3 step 17600/26290  loss 2.7914  lr 6.74e-05  14.51 it/s  ETA 10m
    ep 3 step 17700/26290  loss 2.7783  lr 6.66e-05  14.51 it/s  ETA 10m
    ep 3 step 17800/26290  loss 2.7864  lr 6.58e-05  14.51 it/s  ETA 10m
    ep 3 step 17900/26290  loss 2.7900  lr 6.51e-05  14.51 it/s  ETA 10m
    ep 3 step 18000/26290  loss 2.7776  lr 6.43e-05  14.52 it/s  ETA 10m
    ep 3 step 18100/26290  loss 2.8162  lr 6.35e-05  14.52 it/s  ETA 9m
    ep 3 step 18200/26290  loss 2.7847  lr 6.27e-05  14.52 it/s  ETA 9m
    ep 3 step 18300/26290  loss 2.7823  lr 6.20e-05  14.53 it/s  ETA 9m
    ep 3 step 18400/26290  loss 2.8098  lr 6.12e-05  14.53 it/s  ETA 9m
    ep 3 step 18500/26290  loss 2.7549  lr 6.04e-05  14.53 it/s  ETA 9m
    ep 3 step 18600/26290  loss 2.7971  lr 5.96e-05  14.54 it/s  ETA 9m
    ep 3 step 18700/26290  loss 2.7637  lr 5.89e-05  14.54 it/s  ETA 9m
    ep 3 step 18800/26290  loss 2.7789  lr 5.81e-05  14.54 it/s  ETA 9m
    ep 3 step 18900/26290  loss 2.8032  lr 5.73e-05  14.55 it/s  ETA 8m
    ep 3 step 19000/26290  loss 2.7999  lr 5.65e-05  14.55 it/s  ETA 8m
    ep 3 step 19100/26290  loss 2.7532  lr 5.58e-05  14.55 it/s  ETA 8m
    ep 3 step 19200/26290  loss 2.7809  lr 5.50e-05  14.55 it/s  ETA 8m
    ep 3 step 19300/26290  loss 2.7845  lr 5.42e-05  14.55 it/s  ETA 8m
    ep 3 step 19400/26290  loss 2.7764  lr 5.34e-05  14.56 it/s  ETA 8m
    ep 3 step 19500/26290  loss 2.7936  lr 5.27e-05  14.56 it/s  ETA 8m
    ep 3 step 19600/26290  loss 2.7479  lr 5.19e-05  14.56 it/s  ETA 8m
    ep 3 step 19700/26290  loss 2.8165  lr 5.11e-05  14.56 it/s  ETA 8m
    ep 3 step 19800/26290  loss 2.8007  lr 5.03e-05  14.56 it/s  ETA 7m
    ep 3 step 19900/26290  loss 2.7604  lr 4.96e-05  14.57 it/s  ETA 7m
    ep 3 step 20000/26290  loss 2.7793  lr 4.88e-05  14.57 it/s  ETA 7m
    ep 3 step 20100/26290  loss 2.7533  lr 4.80e-05  14.57 it/s  ETA 7m
    ep 3 step 20200/26290  loss 2.7634  lr 4.72e-05  14.57 it/s  ETA 7m
    ep 3 step 20300/26290  loss 2.7827  lr 4.65e-05  14.58 it/s  ETA 7m
    ep 3 step 20400/26290  loss 2.7292  lr 4.57e-05  14.58 it/s  ETA 7m
    ep 3 step 20500/26290  loss 2.7797  lr 4.49e-05  14.58 it/s  ETA 7m
    ep 3 step 20600/26290  loss 2.7761  lr 4.41e-05  14.58 it/s  ETA 7m
    ep 3 step 20700/26290  loss 2.7760  lr 4.34e-05  14.59 it/s  ETA 6m
    ep 3 step 20800/26290  loss 2.7880  lr 4.26e-05  14.59 it/s  ETA 6m
    ep 3 step 20900/26290  loss 2.7854  lr 4.18e-05  14.59 it/s  ETA 6m
    ep 3 step 21000/26290  loss 2.7681  lr 4.10e-05  14.59 it/s  ETA 6m
    [ep 3] val loss 1.2896  ppl 3.631  train 1.2364  gap +0.0532  (10s)
    ep 4 step 21100/26290  loss 2.7569  lr 4.02e-05  14.49 it/s  ETA 6m
    ep 4 step 21200/26290  loss 2.7751  lr 3.95e-05  14.50 it/s  ETA 6m
    ep 4 step 21300/26290  loss 2.7657  lr 3.87e-05  14.50 it/s  ETA 6m
    ep 4 step 21400/26290  loss 2.8157  lr 3.79e-05  14.50 it/s  ETA 6m
    ep 4 step 21500/26290  loss 2.7696  lr 3.71e-05  14.50 it/s  ETA 6m
    ep 4 step 21600/26290  loss 2.7910  lr 3.64e-05  14.50 it/s  ETA 5m
    ep 4 step 21700/26290  loss 2.7823  lr 3.56e-05  14.50 it/s  ETA 5m
    ep 4 step 21800/26290  loss 2.7639  lr 3.48e-05  14.51 it/s  ETA 5m
    ep 4 step 21900/26290  loss 2.7931  lr 3.40e-05  14.51 it/s  ETA 5m
    ep 4 step 22000/26290  loss 2.7785  lr 3.33e-05  14.51 it/s  ETA 5m
    ep 4 step 22100/26290  loss 2.7295  lr 3.25e-05  14.51 it/s  ETA 5m
    ep 4 step 22200/26290  loss 2.7380  lr 3.17e-05  14.52 it/s  ETA 5m
    ep 4 step 22300/26290  loss 2.7943  lr 3.09e-05  14.52 it/s  ETA 5m
    ep 4 step 22400/26290  loss 2.7773  lr 3.02e-05  14.52 it/s  ETA 4m
    ep 4 step 22500/26290  loss 2.7713  lr 2.94e-05  14.52 it/s  ETA 4m
    ep 4 step 22600/26290  loss 2.8012  lr 2.86e-05  14.52 it/s  ETA 4m
    ep 4 step 22700/26290  loss 2.7674  lr 2.78e-05  14.53 it/s  ETA 4m
    ep 4 step 22800/26290  loss 2.7529  lr 2.71e-05  14.53 it/s  ETA 4m
    ep 4 step 22900/26290  loss 2.7802  lr 2.63e-05  14.53 it/s  ETA 4m
    ep 4 step 23000/26290  loss 2.7757  lr 2.55e-05  14.53 it/s  ETA 4m
    ep 4 step 23100/26290  loss 2.7557  lr 2.47e-05  14.53 it/s  ETA 4m
    ep 4 step 23200/26290  loss 2.7594  lr 2.40e-05  14.53 it/s  ETA 4m
    ep 4 step 23300/26290  loss 2.7786  lr 2.32e-05  14.54 it/s  ETA 3m
    ep 4 step 23400/26290  loss 2.7850  lr 2.24e-05  14.54 it/s  ETA 3m
    ep 4 step 23500/26290  loss 2.7799  lr 2.16e-05  14.54 it/s  ETA 3m
    ep 4 step 23600/26290  loss 2.8048  lr 2.09e-05  14.54 it/s  ETA 3m
    ep 4 step 23700/26290  loss 2.7678  lr 2.01e-05  14.54 it/s  ETA 3m
    ep 4 step 23800/26290  loss 2.7756  lr 1.93e-05  14.54 it/s  ETA 3m
    ep 4 step 23900/26290  loss 2.7811  lr 1.85e-05  14.54 it/s  ETA 3m
    ep 4 step 24000/26290  loss 2.7871  lr 1.78e-05  14.54 it/s  ETA 3m
    ep 4 step 24100/26290  loss 2.7849  lr 1.70e-05  14.55 it/s  ETA 3m
    ep 4 step 24200/26290  loss 2.7584  lr 1.62e-05  14.55 it/s  ETA 2m
    ep 4 step 24300/26290  loss 2.7455  lr 1.54e-05  14.55 it/s  ETA 2m
    ep 4 step 24400/26290  loss 2.7559  lr 1.47e-05  14.55 it/s  ETA 2m
    ep 4 step 24500/26290  loss 2.7724  lr 1.39e-05  14.55 it/s  ETA 2m
    ep 4 step 24600/26290  loss 2.7957  lr 1.31e-05  14.56 it/s  ETA 2m
    ep 4 step 24700/26290  loss 2.7663  lr 1.23e-05  14.56 it/s  ETA 2m
    ep 4 step 24800/26290  loss 2.7578  lr 1.16e-05  14.56 it/s  ETA 2m
    ep 4 step 24900/26290  loss 2.7764  lr 1.08e-05  14.56 it/s  ETA 2m
    ep 4 step 25000/26290  loss 2.7899  lr 1.00e-05  14.56 it/s  ETA 1m
    ep 4 step 25100/26290  loss 2.7821  lr 9.23e-06  14.56 it/s  ETA 1m
    ep 4 step 25200/26290  loss 2.7838  lr 8.45e-06  14.57 it/s  ETA 1m
    ep 4 step 25300/26290  loss 2.7781  lr 7.68e-06  14.57 it/s  ETA 1m
    ep 4 step 25400/26290  loss 2.7611  lr 6.90e-06  14.57 it/s  ETA 1m
    ep 4 step 25500/26290  loss 2.7751  lr 6.13e-06  14.57 it/s  ETA 1m
    ep 4 step 25600/26290  loss 2.7928  lr 5.35e-06  14.57 it/s  ETA 1m
    ep 4 step 25700/26290  loss 2.7909  lr 4.58e-06  14.57 it/s  ETA 1m
    ep 4 step 25800/26290  loss 2.7990  lr 3.80e-06  14.58 it/s  ETA 1m
    ep 4 step 25900/26290  loss 2.8303  lr 3.02e-06  14.58 it/s  ETA 0m
    ep 4 step 26000/26290  loss 2.7899  lr 2.25e-06  14.58 it/s  ETA 0m
    ep 4 step 26100/26290  loss 2.7866  lr 1.47e-06  14.58 it/s  ETA 0m
    ep 4 step 26200/26290  loss 2.7575  lr 6.98e-07  14.58 it/s  ETA 0m
    [ep 4] val loss 1.2880  ppl 3.626  train 1.2317  gap +0.0564  (10s)
    luu runs_qwen0.5B_bf16/lora_r2_na_s0_last.pt  (0.2 MB)
    luu runs_qwen0.5B_bf16/lora_r2_na_s0_best.pt  (epoch 2, val 1.2860)
    -> khoi phuc epoch 2 (val 1.2860), thay vi epoch cuoi (1.2880)
      sinh 32/630  (1s)

    [lora_r2_na_s0]  BLEU-4 = 60.22   ROUGE-L = 64.27   (630 cau)
    vi du: Blue Spice is a coffee shop in the city centre.
    sinh 630 cau trong 36s (17.69 cau/s, 409 tu/s)

  do tre (batch 8 x seq 128):
    forward            28.02 ms  (36.5 k token/s)
    forward+bwd        80.92 ms  (12.7 k token/s)
    forward da gop     26.97 ms   -> chua gop cham hon +3.9 %

  ket qua -> runs_qwen0.5B_bf16/lora_r2_na_s0.json  (va them dong vao summary.jsonl)
  cham diem chinh thuc:  python measure_scores.py runs_qwen0.5B_bf16/lora_r2_na_s0_refs.txt runs_qwen0.5B_bf16/lora_r2_na_s0_hyps.txt
RUN_DONE_0.5B_bf16_lora_r2
ALL_DONE_0.5B_bf16

==================================================================
==> 1.5B  bf16  rowspace r=2
==================================================================

=== rowspace_r2_colperm_s0 ===
model=Qwen/Qwen2.5-1.5B  device=cuda  targets=['self_attn.k_proj', 'self_attn.v_proj']
Warning: You are sending unauthenticated requests to the HF Hub. Please set a HF_TOKEN to enable higher rate limits and faster downloads.
  nap E2E NLG...
  train 42061 vi du | val 4672 | test 630 MR duy nhat
Loading weights:   0%|          | 0/338 [00:00<?, ?it/s]Loading weights: 100%|██████████| 338/338 [00:00<00:00, 7508.71it/s]
  model dtype: bf16 (nguong kiem phan ra noi thanh 3e-02)
  phan ra tren cuda
  phan ra ['self_attn.k_proj', 'self_attn.v_proj'] (basis=colperm)...
    7/28 block  (1s)
    14/28 block  (1s)
    21/28 block  (2s)
    28/28 block  (2s)
  kiem phan ra: sai so dau ra lon nhat 1.06e-02 (h.21.self_attn.v_proj)

  TRAIN DUOC: 0.057 M (0.004 % cua 1543.77 M)   [dung model + phan ra: 9.7s]

  train: 42061 vi du, 26290 buoc, lr=0.0002 (linear), batch=8
    ep 0 step 100/26290  loss 3.5536  lr 4.00e-05  9.19 it/s  ETA 48m
    ep 0 step 200/26290  loss 3.0942  lr 8.00e-05  9.62 it/s  ETA 45m
    ep 0 step 300/26290  loss 2.8844  lr 1.20e-04  9.80 it/s  ETA 44m
    ep 0 step 400/26290  loss 2.8460  lr 1.60e-04  9.79 it/s  ETA 44m
    ep 0 step 500/26290  loss 2.8046  lr 2.00e-04  9.79 it/s  ETA 44m
    ep 0 step 600/26290  loss 2.7843  lr 1.99e-04  9.82 it/s  ETA 44m
    ep 0 step 700/26290  loss 2.7569  lr 1.98e-04  9.80 it/s  ETA 44m
    ep 0 step 800/26290  loss 2.7428  lr 1.98e-04  9.82 it/s  ETA 43m
    ep 0 step 900/26290  loss 2.7199  lr 1.97e-04  9.82 it/s  ETA 43m
    ep 0 step 1000/26290  loss 2.7167  lr 1.96e-04  9.84 it/s  ETA 43m
    ep 0 step 1100/26290  loss 2.7038  lr 1.95e-04  9.81 it/s  ETA 43m
    ep 0 step 1200/26290  loss 2.7045  lr 1.95e-04  9.80 it/s  ETA 43m
    ep 0 step 1300/26290  loss 2.6687  lr 1.94e-04  9.80 it/s  ETA 42m
    ep 0 step 1400/26290  loss 2.7138  lr 1.93e-04  9.80 it/s  ETA 42m
    ep 0 step 1500/26290  loss 2.7259  lr 1.92e-04  9.81 it/s  ETA 42m
    ep 0 step 1600/26290  loss 2.7317  lr 1.91e-04  9.80 it/s  ETA 42m
    ep 0 step 1700/26290  loss 2.7093  lr 1.91e-04  9.79 it/s  ETA 42m
    ep 0 step 1800/26290  loss 2.6577  lr 1.90e-04  9.78 it/s  ETA 42m
    ep 0 step 1900/26290  loss 2.7005  lr 1.89e-04  9.77 it/s  ETA 42m
    ep 0 step 2000/26290  loss 2.7095  lr 1.88e-04  9.76 it/s  ETA 41m
    ep 0 step 2100/26290  loss 2.7250  lr 1.88e-04  9.76 it/s  ETA 41m
    ep 0 step 2200/26290  loss 2.6796  lr 1.87e-04  9.76 it/s  ETA 41m
    ep 0 step 2300/26290  loss 2.7342  lr 1.86e-04  9.77 it/s  ETA 41m
    ep 0 step 2400/26290  loss 2.6923  lr 1.85e-04  9.76 it/s  ETA 41m
    ep 0 step 2500/26290  loss 2.6862  lr 1.84e-04  9.77 it/s  ETA 41m
    ep 0 step 2600/26290  loss 2.7006  lr 1.84e-04  9.77 it/s  ETA 40m
    ep 0 step 2700/26290  loss 2.6595  lr 1.83e-04  9.77 it/s  ETA 40m
    ep 0 step 2800/26290  loss 2.7102  lr 1.82e-04  9.76 it/s  ETA 40m
    ep 0 step 2900/26290  loss 2.7061  lr 1.81e-04  9.76 it/s  ETA 40m
    ep 0 step 3000/26290  loss 2.6757  lr 1.81e-04  9.76 it/s  ETA 40m
    ep 0 step 3100/26290  loss 2.6910  lr 1.80e-04  9.76 it/s  ETA 40m
    ep 0 step 3200/26290  loss 2.6442  lr 1.79e-04  9.76 it/s  ETA 39m
    ep 0 step 3300/26290  loss 2.6595  lr 1.78e-04  9.76 it/s  ETA 39m
    ep 0 step 3400/26290  loss 2.7232  lr 1.78e-04  9.75 it/s  ETA 39m
    ep 0 step 3500/26290  loss 2.6733  lr 1.77e-04  9.76 it/s  ETA 39m
    ep 0 step 3600/26290  loss 2.6775  lr 1.76e-04  9.76 it/s  ETA 39m
    ep 0 step 3700/26290  loss 2.6996  lr 1.75e-04  9.76 it/s  ETA 39m
    ep 0 step 3800/26290  loss 2.6717  lr 1.74e-04  9.76 it/s  ETA 38m
    ep 0 step 3900/26290  loss 2.6642  lr 1.74e-04  9.77 it/s  ETA 38m
    ep 0 step 4000/26290  loss 2.6940  lr 1.73e-04  9.77 it/s  ETA 38m
    ep 0 step 4100/26290  loss 2.6627  lr 1.72e-04  9.77 it/s  ETA 38m
    ep 0 step 4200/26290  loss 2.6747  lr 1.71e-04  9.77 it/s  ETA 38m
    ep 0 step 4300/26290  loss 2.6760  lr 1.71e-04  9.77 it/s  ETA 38m
    ep 0 step 4400/26290  loss 2.6981  lr 1.70e-04  9.77 it/s  ETA 37m
    ep 0 step 4500/26290  loss 2.6747  lr 1.69e-04  9.78 it/s  ETA 37m
    ep 0 step 4600/26290  loss 2.6754  lr 1.68e-04  9.77 it/s  ETA 37m
    ep 0 step 4700/26290  loss 2.6487  lr 1.67e-04  9.77 it/s  ETA 37m
    ep 0 step 4800/26290  loss 2.6914  lr 1.67e-04  9.77 it/s  ETA 37m
    ep 0 step 4900/26290  loss 2.6612  lr 1.66e-04  9.77 it/s  ETA 36m
    ep 0 step 5000/26290  loss 2.6514  lr 1.65e-04  9.77 it/s  ETA 36m
    ep 0 step 5100/26290  loss 2.6766  lr 1.64e-04  9.77 it/s  ETA 36m
    ep 0 step 5200/26290  loss 2.6845  lr 1.64e-04  9.77 it/s  ETA 36m
[W1004 13:46:25.151153319 CUDACachingAllocator.cpp:3934] memory allocation failed with OOM on device 0 while trying to allocate 419430400 bytes (free: 385286144, total: 23684841472).
[W1004 13:46:31.064335165 CUDACachingAllocator.cpp:3934] memory allocation failed with OOM on device 0 while trying to allocate 603979776 bytes (free: 146210816, total: 23684841472).
[W1004 13:46:39.310851880 CUDACachingAllocator.cpp:3934] memory allocation failed with OOM on device 0 while trying to allocate 729808896 bytes (free: 672595968, total: 23684841472).
[W1004 13:46:44.121887323 CUDACachingAllocator.cpp:3934] memory allocation failed with OOM on device 0 while trying to allocate 836763648 bytes (free: 343343104, total: 23684841472).
    [ep 0] val loss 1.2097  ppl 3.352  train 1.1528  gap +0.0569  (24s)  <- tot nhat
    ep 1 step 5300/26290  loss 2.6705  lr 1.63e-04  9.35 it/s  ETA 37m
    ep 1 step 5400/26290  loss 2.6959  lr 1.62e-04  9.36 it/s  ETA 37m
    ep 1 step 5500/26290  loss 2.6699  lr 1.61e-04  9.37 it/s  ETA 37m
    ep 1 step 5600/26290  loss 2.6651  lr 1.60e-04  9.38 it/s  ETA 37m
    ep 1 step 5700/26290  loss 2.6606  lr 1.60e-04  9.39 it/s  ETA 37m
    ep 1 step 5800/26290  loss 2.6747  lr 1.59e-04  9.39 it/s  ETA 36m
    ep 1 step 5900/26290  loss 2.6514  lr 1.58e-04  9.40 it/s  ETA 36m
    ep 1 step 6000/26290  loss 2.7068  lr 1.57e-04  9.41 it/s  ETA 36m
    ep 1 step 6100/26290  loss 2.7007  lr 1.57e-04  9.42 it/s  ETA 36m
    ep 1 step 6200/26290  loss 2.6575  lr 1.56e-04  9.42 it/s  ETA 36m
    ep 1 step 6300/26290  loss 2.6872  lr 1.55e-04  9.43 it/s  ETA 35m
    ep 1 step 6400/26290  loss 2.6477  lr 1.54e-04  9.44 it/s  ETA 35m
    ep 1 step 6500/26290  loss 2.6138  lr 1.53e-04  9.44 it/s  ETA 35m
    ep 1 step 6600/26290  loss 2.6528  lr 1.53e-04  9.44 it/s  ETA 35m
    ep 1 step 6700/26290  loss 2.6611  lr 1.52e-04  9.44 it/s  ETA 35m
    ep 1 step 6800/26290  loss 2.6174  lr 1.51e-04  9.45 it/s  ETA 34m
    ep 1 step 6900/26290  loss 2.6287  lr 1.50e-04  9.45 it/s  ETA 34m
    ep 1 step 7000/26290  loss 2.6731  lr 1.50e-04  9.45 it/s  ETA 34m
    ep 1 step 7100/26290  loss 2.6392  lr 1.49e-04  9.46 it/s  ETA 34m
    ep 1 step 7200/26290  loss 2.6707  lr 1.48e-04  9.46 it/s  ETA 34m
    ep 1 step 7300/26290  loss 2.6509  lr 1.47e-04  9.47 it/s  ETA 33m
    ep 1 step 7400/26290  loss 2.6705  lr 1.46e-04  9.48 it/s  ETA 33m
    ep 1 step 7500/26290  loss 2.6704  lr 1.46e-04  9.48 it/s  ETA 33m
    ep 1 step 7600/26290  loss 2.6609  lr 1.45e-04  9.48 it/s  ETA 33m
    ep 1 step 7700/26290  loss 2.6615  lr 1.44e-04  9.48 it/s  ETA 33m
    ep 1 step 7800/26290  loss 2.6486  lr 1.43e-04  9.49 it/s  ETA 32m
    ep 1 step 7900/26290  loss 2.6410  lr 1.43e-04  9.49 it/s  ETA 32m
    ep 1 step 8000/26290  loss 2.6357  lr 1.42e-04  9.49 it/s  ETA 32m
    ep 1 step 8100/26290  loss 2.6529  lr 1.41e-04  9.50 it/s  ETA 32m
    ep 1 step 8200/26290  loss 2.6199  lr 1.40e-04  9.50 it/s  ETA 32m
    ep 1 step 8300/26290  loss 2.6526  lr 1.40e-04  9.50 it/s  ETA 32m
    ep 1 step 8400/26290  loss 2.6693  lr 1.39e-04  9.51 it/s  ETA 31m
    ep 1 step 8500/26290  loss 2.6767  lr 1.38e-04  9.51 it/s  ETA 31m
    ep 1 step 8600/26290  loss 2.6449  lr 1.37e-04  9.51 it/s  ETA 31m
    ep 1 step 8700/26290  loss 2.6610  lr 1.36e-04  9.51 it/s  ETA 31m
    ep 1 step 8800/26290  loss 2.6548  lr 1.36e-04  9.52 it/s  ETA 31m
    ep 1 step 8900/26290  loss 2.6622  lr 1.35e-04  9.52 it/s  ETA 30m
    ep 1 step 9000/26290  loss 2.6596  lr 1.34e-04  9.52 it/s  ETA 30m
    ep 1 step 9100/26290  loss 2.6514  lr 1.33e-04  9.52 it/s  ETA 30m
    ep 1 step 9200/26290  loss 2.6655  lr 1.33e-04  9.53 it/s  ETA 30m
    ep 1 step 9300/26290  loss 2.6433  lr 1.32e-04  9.53 it/s  ETA 30m
    ep 1 step 9400/26290  loss 2.6443  lr 1.31e-04  9.54 it/s  ETA 30m
    ep 1 step 9500/26290  loss 2.6871  lr 1.30e-04  9.54 it/s  ETA 29m
    ep 1 step 9600/26290  loss 2.6719  lr 1.29e-04  9.54 it/s  ETA 29m
    ep 1 step 9700/26290  loss 2.6408  lr 1.29e-04  9.54 it/s  ETA 29m
    ep 1 step 9800/26290  loss 2.6402  lr 1.28e-04  9.55 it/s  ETA 29m
    ep 1 step 9900/26290  loss 2.6425  lr 1.27e-04  9.55 it/s  ETA 29m
    ep 1 step 10000/26290  loss 2.6560  lr 1.26e-04  9.55 it/s  ETA 28m
    ep 1 step 10100/26290  loss 2.6108  lr 1.26e-04  9.55 it/s  ETA 28m
    ep 1 step 10200/26290  loss 2.6289  lr 1.25e-04  9.55 it/s  ETA 28m
    ep 1 step 10300/26290  loss 2.6353  lr 1.24e-04  9.55 it/s  ETA 28m
    ep 1 step 10400/26290  loss 2.6717  lr 1.23e-04  9.56 it/s  ETA 28m
    ep 1 step 10500/26290  loss 2.6378  lr 1.22e-04  9.56 it/s  ETA 28m
    [ep 1] val loss 1.1840  ppl 3.267  train 1.1359  gap +0.0481  (24s)  <- tot nhat
    ep 2 step 10600/26290  loss 2.6272  lr 1.22e-04  9.36 it/s  ETA 28m
    ep 2 step 10700/26290  loss 2.6188  lr 1.21e-04  9.36 it/s  ETA 28m
    ep 2 step 10800/26290  loss 2.6630  lr 1.20e-04  9.37 it/s  ETA 28m
    ep 2 step 10900/26290  loss 2.6122  lr 1.19e-04  9.37 it/s  ETA 27m
    ep 2 step 11000/26290  loss 2.6462  lr 1.19e-04  9.37 it/s  ETA 27m
    ep 2 step 11100/26290  loss 2.6237  lr 1.18e-04  9.38 it/s  ETA 27m
    ep 2 step 11200/26290  loss 2.6346  lr 1.17e-04  9.38 it/s  ETA 27m
    ep 2 step 11300/26290  loss 2.6259  lr 1.16e-04  9.39 it/s  ETA 27m
    ep 2 step 11400/26290  loss 2.6387  lr 1.15e-04  9.39 it/s  ETA 26m
    ep 2 step 11500/26290  loss 2.6662  lr 1.15e-04  9.39 it/s  ETA 26m
    ep 2 step 11600/26290  loss 2.6199  lr 1.14e-04  9.40 it/s  ETA 26m
    ep 2 step 11700/26290  loss 2.6620  lr 1.13e-04  9.40 it/s  ETA 26m
    ep 2 step 11800/26290  loss 2.6515  lr 1.12e-04  9.40 it/s  ETA 26m
    ep 2 step 11900/26290  loss 2.6583  lr 1.12e-04  9.40 it/s  ETA 26m
    ep 2 step 12000/26290  loss 2.6359  lr 1.11e-04  9.41 it/s  ETA 25m
    ep 2 step 12100/26290  loss 2.6452  lr 1.10e-04  9.41 it/s  ETA 25m
    ep 2 step 12200/26290  loss 2.6192  lr 1.09e-04  9.41 it/s  ETA 25m
    ep 2 step 12300/26290  loss 2.6273  lr 1.08e-04  9.41 it/s  ETA 25m
    ep 2 step 12400/26290  loss 2.6437  lr 1.08e-04  9.42 it/s  ETA 25m
    ep 2 step 12500/26290  loss 2.6604  lr 1.07e-04  9.42 it/s  ETA 24m
    ep 2 step 12600/26290  loss 2.6393  lr 1.06e-04  9.42 it/s  ETA 24m
    ep 2 step 12700/26290  loss 2.6151  lr 1.05e-04  9.43 it/s  ETA 24m
    ep 2 step 12800/26290  loss 2.6049  lr 1.05e-04  9.43 it/s  ETA 24m
    ep 2 step 12900/26290  loss 2.6072  lr 1.04e-04  9.43 it/s  ETA 24m
    ep 2 step 13000/26290  loss 2.6216  lr 1.03e-04  9.44 it/s  ETA 23m
    ep 2 step 13100/26290  loss 2.6162  lr 1.02e-04  9.44 it/s  ETA 23m
    ep 2 step 13200/26290  loss 2.6384  lr 1.02e-04  9.44 it/s  ETA 23m
    ep 2 step 13300/26290  loss 2.6245  lr 1.01e-04  9.44 it/s  ETA 23m
    ep 2 step 13400/26290  loss 2.6380  lr 1.00e-04  9.45 it/s  ETA 23m
    ep 2 step 13500/26290  loss 2.6492  lr 9.92e-05  9.45 it/s  ETA 23m
    ep 2 step 13600/26290  loss 2.6598  lr 9.84e-05  9.45 it/s  ETA 22m
    ep 2 step 13700/26290  loss 2.6575  lr 9.76e-05  9.45 it/s  ETA 22m
    ep 2 step 13800/26290  loss 2.6352  lr 9.69e-05  9.46 it/s  ETA 22m
    ep 2 step 13900/26290  loss 2.6572  lr 9.61e-05  9.46 it/s  ETA 22m
    ep 2 step 14000/26290  loss 2.6347  lr 9.53e-05  9.46 it/s  ETA 22m
    ep 2 step 14100/26290  loss 2.6295  lr 9.45e-05  9.46 it/s  ETA 21m
    ep 2 step 14200/26290  loss 2.6416  lr 9.38e-05  9.47 it/s  ETA 21m
    ep 2 step 14300/26290  loss 2.6515  lr 9.30e-05  9.47 it/s  ETA 21m
    ep 2 step 14400/26290  loss 2.6548  lr 9.22e-05  9.47 it/s  ETA 21m
    ep 2 step 14500/26290  loss 2.6376  lr 9.14e-05  9.47 it/s  ETA 21m
    ep 2 step 14600/26290  loss 2.6106  lr 9.07e-05  9.47 it/s  ETA 21m
    ep 2 step 14700/26290  loss 2.6612  lr 8.99e-05  9.48 it/s  ETA 20m
    ep 2 step 14800/26290  loss 2.6606  lr 8.91e-05  9.48 it/s  ETA 20m
    ep 2 step 14900/26290  loss 2.6465  lr 8.83e-05  9.48 it/s  ETA 20m
    ep 2 step 15000/26290  loss 2.6713  lr 8.76e-05  9.48 it/s  ETA 20m
    ep 2 step 15100/26290  loss 2.6481  lr 8.68e-05  9.48 it/s  ETA 20m
    ep 2 step 15200/26290  loss 2.6151  lr 8.60e-05  9.49 it/s  ETA 19m
    ep 2 step 15300/26290  loss 2.6296  lr 8.52e-05  9.49 it/s  ETA 19m
    ep 2 step 15400/26290  loss 2.6046  lr 8.45e-05  9.49 it/s  ETA 19m
    ep 2 step 15500/26290  loss 2.6631  lr 8.37e-05  9.49 it/s  ETA 19m
    ep 2 step 15600/26290  loss 2.6179  lr 8.29e-05  9.49 it/s  ETA 19m
    ep 2 step 15700/26290  loss 2.6222  lr 8.21e-05  9.50 it/s  ETA 19m
    [ep 2] val loss 1.1843  ppl 3.268  train 1.1282  gap +0.0561  (24s)
    ep 3 step 15800/26290  loss 2.6640  lr 8.13e-05  9.36 it/s  ETA 19m
    ep 3 step 15900/26290  loss 2.6280  lr 8.06e-05  9.36 it/s  ETA 18m
    ep 3 step 16000/26290  loss 2.6045  lr 7.98e-05  9.37 it/s  ETA 18m
    ep 3 step 16100/26290  loss 2.6615  lr 7.90e-05  9.37 it/s  ETA 18m
    ep 3 step 16200/26290  loss 2.6213  lr 7.82e-05  9.37 it/s  ETA 18m
    ep 3 step 16300/26290  loss 2.6154  lr 7.75e-05  9.37 it/s  ETA 18m
    ep 3 step 16400/26290  loss 2.5994  lr 7.67e-05  9.37 it/s  ETA 18m
    ep 3 step 16500/26290  loss 2.6485  lr 7.59e-05  9.38 it/s  ETA 17m
    ep 3 step 16600/26290  loss 2.6358  lr 7.51e-05  9.38 it/s  ETA 17m
    ep 3 step 16700/26290  loss 2.6359  lr 7.44e-05  9.38 it/s  ETA 17m
    ep 3 step 16800/26290  loss 2.6350  lr 7.36e-05  9.38 it/s  ETA 17m
    ep 3 step 16900/26290  loss 2.6435  lr 7.28e-05  9.39 it/s  ETA 17m
    ep 3 step 17000/26290  loss 2.6401  lr 7.20e-05  9.39 it/s  ETA 16m
    ep 3 step 17100/26290  loss 2.6586  lr 7.13e-05  9.39 it/s  ETA 16m
    ep 3 step 17200/26290  loss 2.6091  lr 7.05e-05  9.39 it/s  ETA 16m
    ep 3 step 17300/26290  loss 2.6456  lr 6.97e-05  9.40 it/s  ETA 16m
    ep 3 step 17400/26290  loss 2.6036  lr 6.89e-05  9.40 it/s  ETA 16m
    ep 3 step 17500/26290  loss 2.6172  lr 6.82e-05  9.40 it/s  ETA 16m
    ep 3 step 17600/26290  loss 2.6354  lr 6.74e-05  9.40 it/s  ETA 15m
    ep 3 step 17700/26290  loss 2.6306  lr 6.66e-05  9.40 it/s  ETA 15m
    ep 3 step 17800/26290  loss 2.6348  lr 6.58e-05  9.41 it/s  ETA 15m
    ep 3 step 17900/26290  loss 2.6414  lr 6.51e-05  9.41 it/s  ETA 15m
    ep 3 step 18000/26290  loss 2.6270  lr 6.43e-05  9.41 it/s  ETA 15m
    ep 3 step 18100/26290  loss 2.6599  lr 6.35e-05  9.41 it/s  ETA 15m
    ep 3 step 18200/26290  loss 2.6291  lr 6.27e-05  9.41 it/s  ETA 14m
    ep 3 step 18300/26290  loss 2.6278  lr 6.20e-05  9.42 it/s  ETA 14m
    ep 3 step 18400/26290  loss 2.6539  lr 6.12e-05  9.42 it/s  ETA 14m
    ep 3 step 18500/26290  loss 2.6097  lr 6.04e-05  9.42 it/s  ETA 14m
    ep 3 step 18600/26290  loss 2.6455  lr 5.96e-05  9.42 it/s  ETA 14m
    ep 3 step 18700/26290  loss 2.6101  lr 5.89e-05  9.42 it/s  ETA 13m
    ep 3 step 18800/26290  loss 2.6243  lr 5.81e-05  9.43 it/s  ETA 13m
    ep 3 step 18900/26290  loss 2.6503  lr 5.73e-05  9.43 it/s  ETA 13m
    ep 3 step 19000/26290  loss 2.6408  lr 5.65e-05  9.43 it/s  ETA 13m
    ep 3 step 19100/26290  loss 2.6093  lr 5.58e-05  9.43 it/s  ETA 13m
    ep 3 step 19200/26290  loss 2.6291  lr 5.50e-05  9.43 it/s  ETA 13m
    ep 3 step 19300/26290  loss 2.6328  lr 5.42e-05  9.43 it/s  ETA 12m
    ep 3 step 19400/26290  loss 2.6217  lr 5.34e-05  9.44 it/s  ETA 12m
    ep 3 step 19500/26290  loss 2.6338  lr 5.27e-05  9.44 it/s  ETA 12m
    ep 3 step 19600/26290  loss 2.6010  lr 5.19e-05  9.44 it/s  ETA 12m
    ep 3 step 19700/26290  loss 2.6647  lr 5.11e-05  9.44 it/s  ETA 12m
    ep 3 step 19800/26290  loss 2.6537  lr 5.03e-05  9.44 it/s  ETA 11m
    ep 3 step 19900/26290  loss 2.6129  lr 4.96e-05  9.45 it/s  ETA 11m
    ep 3 step 20000/26290  loss 2.6260  lr 4.88e-05  9.45 it/s  ETA 11m
    ep 3 step 20100/26290  loss 2.6051  lr 4.80e-05  9.45 it/s  ETA 11m
    ep 3 step 20200/26290  loss 2.6150  lr 4.72e-05  9.45 it/s  ETA 11m
    ep 3 step 20300/26290  loss 2.6275  lr 4.65e-05  9.45 it/s  ETA 11m
    ep 3 step 20400/26290  loss 2.5891  lr 4.57e-05  9.45 it/s  ETA 10m
    ep 3 step 20500/26290  loss 2.6294  lr 4.49e-05  9.45 it/s  ETA 10m
    ep 3 step 20600/26290  loss 2.6236  lr 4.41e-05  9.46 it/s  ETA 10m
    ep 3 step 20700/26290  loss 2.6208  lr 4.34e-05  9.46 it/s  ETA 10m
    ep 3 step 20800/26290  loss 2.6345  lr 4.26e-05  9.46 it/s  ETA 10m
    ep 3 step 20900/26290  loss 2.6412  lr 4.18e-05  9.46 it/s  ETA 9m
    ep 3 step 21000/26290  loss 2.6154  lr 4.10e-05  9.46 it/s  ETA 9m
    [ep 3] val loss 1.1783  ppl 3.249  train 1.1261  gap +0.0522  (24s)  <- tot nhat
    ep 4 step 21100/26290  loss 2.6089  lr 4.02e-05  9.36 it/s  ETA 9m
    ep 4 step 21200/26290  loss 2.6235  lr 3.95e-05  9.36 it/s  ETA 9m
    ep 4 step 21300/26290  loss 2.6098  lr 3.87e-05  9.36 it/s  ETA 9m
    ep 4 step 21400/26290  loss 2.6583  lr 3.79e-05  9.37 it/s  ETA 9m
    ep 4 step 21500/26290  loss 2.6178  lr 3.71e-05  9.37 it/s  ETA 9m
    ep 4 step 21600/26290  loss 2.6322  lr 3.64e-05  9.37 it/s  ETA 8m
    ep 4 step 21700/26290  loss 2.6346  lr 3.56e-05  9.37 it/s  ETA 8m
    ep 4 step 21800/26290  loss 2.6177  lr 3.48e-05  9.37 it/s  ETA 8m
    ep 4 step 21900/26290  loss 2.6427  lr 3.40e-05  9.38 it/s  ETA 8m
    ep 4 step 22000/26290  loss 2.6197  lr 3.33e-05  9.38 it/s  ETA 8m
    ep 4 step 22100/26290  loss 2.5818  lr 3.25e-05  9.38 it/s  ETA 7m
    ep 4 step 22200/26290  loss 2.5849  lr 3.17e-05  9.38 it/s  ETA 7m
    ep 4 step 22300/26290  loss 2.6437  lr 3.09e-05  9.38 it/s  ETA 7m
    ep 4 step 22400/26290  loss 2.6313  lr 3.02e-05  9.38 it/s  ETA 7m
    ep 4 step 22500/26290  loss 2.6150  lr 2.94e-05  9.39 it/s  ETA 7m
    ep 4 step 22600/26290  loss 2.6445  lr 2.86e-05  9.39 it/s  ETA 7m
    ep 4 step 22700/26290  loss 2.6144  lr 2.78e-05  9.39 it/s  ETA 6m
    ep 4 step 22800/26290  loss 2.5995  lr 2.71e-05  9.39 it/s  ETA 6m
    ep 4 step 22900/26290  loss 2.6209  lr 2.63e-05  9.39 it/s  ETA 6m
    ep 4 step 23000/26290  loss 2.6153  lr 2.55e-05  9.40 it/s  ETA 6m
    ep 4 step 23100/26290  loss 2.6045  lr 2.47e-05  9.40 it/s  ETA 6m
    ep 4 step 23200/26290  loss 2.6064  lr 2.40e-05  9.40 it/s  ETA 5m
    ep 4 step 23300/26290  loss 2.6286  lr 2.32e-05  9.40 it/s  ETA 5m
    ep 4 step 23400/26290  loss 2.6294  lr 2.24e-05  9.40 it/s  ETA 5m
    ep 4 step 23500/26290  loss 2.6290  lr 2.16e-05  9.40 it/s  ETA 5m
    ep 4 step 23600/26290  loss 2.6543  lr 2.09e-05  9.40 it/s  ETA 5m
    ep 4 step 23700/26290  loss 2.6143  lr 2.01e-05  9.41 it/s  ETA 5m
    ep 4 step 23800/26290  loss 2.6196  lr 1.93e-05  9.41 it/s  ETA 4m
    ep 4 step 23900/26290  loss 2.6303  lr 1.85e-05  9.41 it/s  ETA 4m
    ep 4 step 24000/26290  loss 2.6320  lr 1.78e-05  9.41 it/s  ETA 4m
    ep 4 step 24100/26290  loss 2.6307  lr 1.70e-05  9.41 it/s  ETA 4m
    ep 4 step 24200/26290  loss 2.6021  lr 1.62e-05  9.41 it/s  ETA 4m
    ep 4 step 24300/26290  loss 2.5948  lr 1.54e-05  9.41 it/s  ETA 4m
    ep 4 step 24400/26290  loss 2.6074  lr 1.47e-05  9.42 it/s  ETA 3m
    ep 4 step 24500/26290  loss 2.6257  lr 1.39e-05  9.42 it/s  ETA 3m
    ep 4 step 24600/26290  loss 2.6439  lr 1.31e-05  9.42 it/s  ETA 3m
    ep 4 step 24700/26290  loss 2.6165  lr 1.23e-05  9.42 it/s  ETA 3m
    ep 4 step 24800/26290  loss 2.6138  lr 1.16e-05  9.42 it/s  ETA 3m
    ep 4 step 24900/26290  loss 2.6250  lr 1.08e-05  9.42 it/s  ETA 2m
    ep 4 step 25000/26290  loss 2.6374  lr 1.00e-05  9.42 it/s  ETA 2m
    ep 4 step 25100/26290  loss 2.6299  lr 9.23e-06  9.43 it/s  ETA 2m
    ep 4 step 25200/26290  loss 2.6333  lr 8.45e-06  9.43 it/s  ETA 2m
    ep 4 step 25300/26290  loss 2.6156  lr 7.68e-06  9.43 it/s  ETA 2m
    ep 4 step 25400/26290  loss 2.6086  lr 6.90e-06  9.43 it/s  ETA 2m
    ep 4 step 25500/26290  loss 2.6217  lr 6.13e-06  9.43 it/s  ETA 1m
    ep 4 step 25600/26290  loss 2.6399  lr 5.35e-06  9.43 it/s  ETA 1m
    ep 4 step 25700/26290  loss 2.6314  lr 4.58e-06  9.43 it/s  ETA 1m
    ep 4 step 25800/26290  loss 2.6355  lr 3.80e-06  9.43 it/s  ETA 1m
    ep 4 step 25900/26290  loss 2.6650  lr 3.02e-06  9.44 it/s  ETA 1m
    ep 4 step 26000/26290  loss 2.6312  lr 2.25e-06  9.44 it/s  ETA 1m
    ep 4 step 26100/26290  loss 2.6393  lr 1.47e-06  9.44 it/s  ETA 0m
    ep 4 step 26200/26290  loss 2.6048  lr 6.98e-07  9.44 it/s  ETA 0m
    [ep 4] val loss 1.1776  ppl 3.247  train 1.1227  gap +0.0549  (24s)  <- tot nhat
    luu runs_qwen1.5B_bf16/rowspace_r2_colperm_s0_last.pt  (0.1 MB)
    luu runs_qwen1.5B_bf16/rowspace_r2_colperm_s0_best.pt  (epoch 4, val 1.1776)
      sinh 32/630  (2s)

    [rowspace_r2_colperm_s0]  BLEU-4 = 63.69   ROUGE-L = 66.70   (630 cau)
    vi du: Blue Spice is a coffee shop in the city centre.
    sinh 630 cau trong 74s (8.46 cau/s, 214 tu/s)

  do tre (batch 8 x seq 128):
    forward            67.99 ms  (15.1 k token/s)
    forward+bwd       179.05 ms  (5.7 k token/s)
    forward da gop     64.99 ms   -> chua gop cham hon +4.6 %

  ket qua -> runs_qwen1.5B_bf16/rowspace_r2_colperm_s0.json  (va them dong vao summary.jsonl)
  cham diem chinh thuc:  python measure_scores.py runs_qwen1.5B_bf16/rowspace_r2_colperm_s0_refs.txt runs_qwen1.5B_bf16/rowspace_r2_colperm_s0_hyps.txt
RUN_DONE_1.5B_bf16_rowspace_r2

==================================================================
==> 1.5B  bf16  rowspace r=7
==================================================================

=== rowspace_r7_colperm_s0 ===
model=Qwen/Qwen2.5-1.5B  device=cuda  targets=['self_attn.k_proj', 'self_attn.v_proj']
  nap E2E NLG...
  train 42061 vi du | val 4672 | test 630 MR duy nhat
Loading weights:   0%|          | 0/338 [00:00<?, ?it/s]Loading weights: 100%|██████████| 338/338 [00:00<00:00, 5187.61it/s]
  model dtype: bf16 (nguong kiem phan ra noi thanh 3e-02)
  phan ra tren cuda
  phan ra ['self_attn.k_proj', 'self_attn.v_proj'] (basis=colperm)...
    7/28 block  (1s)
    14/28 block  (1s)
    21/28 block  (2s)
    28/28 block  (2s)
  kiem phan ra: sai so dau ra lon nhat 1.06e-02 (h.21.self_attn.v_proj)

  TRAIN DUOC: 0.201 M (0.013 % cua 1543.92 M)   [dung model + phan ra: 3.2s]

  train: 42061 vi du, 26290 buoc, lr=0.0002 (linear), batch=8
    ep 0 step 100/26290  loss 3.4487  lr 4.00e-05  9.11 it/s  ETA 48m
    ep 0 step 200/26290  loss 2.9924  lr 8.00e-05  9.50 it/s  ETA 46m
    ep 0 step 300/26290  loss 2.8196  lr 1.20e-04  9.68 it/s  ETA 45m
    ep 0 step 400/26290  loss 2.8100  lr 1.60e-04  9.67 it/s  ETA 45m
    ep 0 step 500/26290  loss 2.7736  lr 2.00e-04  9.67 it/s  ETA 44m
    ep 0 step 600/26290  loss 2.7623  lr 1.99e-04  9.70 it/s  ETA 44m
    ep 0 step 700/26290  loss 2.7327  lr 1.98e-04  9.67 it/s  ETA 44m
    ep 0 step 800/26290  loss 2.7193  lr 1.98e-04  9.68 it/s  ETA 44m
    ep 0 step 900/26290  loss 2.6934  lr 1.97e-04  9.70 it/s  ETA 44m
    ep 0 step 1000/26290  loss 2.6922  lr 1.96e-04  9.72 it/s  ETA 43m
    ep 0 step 1100/26290  loss 2.6778  lr 1.95e-04  9.70 it/s  ETA 43m
    ep 0 step 1200/26290  loss 2.6767  lr 1.95e-04  9.70 it/s  ETA 43m
    ep 0 step 1300/26290  loss 2.6451  lr 1.94e-04  9.71 it/s  ETA 43m
    ep 0 step 1400/26290  loss 2.6894  lr 1.93e-04  9.71 it/s  ETA 43m
    ep 0 step 1500/26290  loss 2.6978  lr 1.92e-04  9.73 it/s  ETA 42m
    ep 0 step 1600/26290  loss 2.7027  lr 1.91e-04  9.73 it/s  ETA 42m
    ep 0 step 1700/26290  loss 2.6813  lr 1.91e-04  9.73 it/s  ETA 42m
    ep 0 step 1800/26290  loss 2.6347  lr 1.90e-04  9.72 it/s  ETA 42m
    ep 0 step 1900/26290  loss 2.6714  lr 1.89e-04  9.72 it/s  ETA 42m
    ep 0 step 2000/26290  loss 2.6781  lr 1.88e-04  9.71 it/s  ETA 42m
    ep 0 step 2100/26290  loss 2.6931  lr 1.88e-04  9.71 it/s  ETA 42m
    ep 0 step 2200/26290  loss 2.6455  lr 1.87e-04  9.71 it/s  ETA 41m
    ep 0 step 2300/26290  loss 2.7001  lr 1.86e-04  9.71 it/s  ETA 41m
    ep 0 step 2400/26290  loss 2.6574  lr 1.85e-04  9.71 it/s  ETA 41m
    ep 0 step 2500/26290  loss 2.6515  lr 1.84e-04  9.72 it/s  ETA 41m
    ep 0 step 2600/26290  loss 2.6654  lr 1.84e-04  9.71 it/s  ETA 41m
    ep 0 step 2700/26290  loss 2.6271  lr 1.83e-04  9.71 it/s  ETA 40m
    ep 0 step 2800/26290  loss 2.6744  lr 1.82e-04  9.71 it/s  ETA 40m
    ep 0 step 2900/26290  loss 2.6761  lr 1.81e-04  9.71 it/s  ETA 40m
    ep 0 step 3000/26290  loss 2.6405  lr 1.81e-04  9.71 it/s  ETA 40m
    ep 0 step 3100/26290  loss 2.6550  lr 1.80e-04  9.71 it/s  ETA 40m
    ep 0 step 3200/26290  loss 2.6101  lr 1.79e-04  9.71 it/s  ETA 40m
    ep 0 step 3300/26290  loss 2.6261  lr 1.78e-04  9.72 it/s  ETA 39m
    ep 0 step 3400/26290  loss 2.6916  lr 1.78e-04  9.71 it/s  ETA 39m
    ep 0 step 3500/26290  loss 2.6384  lr 1.77e-04  9.71 it/s  ETA 39m
    ep 0 step 3600/26290  loss 2.6396  lr 1.76e-04  9.71 it/s  ETA 39m
    ep 0 step 3700/26290  loss 2.6580  lr 1.75e-04  9.72 it/s  ETA 39m
    ep 0 step 3800/26290  loss 2.6359  lr 1.74e-04  9.72 it/s  ETA 39m
    ep 0 step 3900/26290  loss 2.6308  lr 1.74e-04  9.72 it/s  ETA 38m
    ep 0 step 4000/26290  loss 2.6561  lr 1.73e-04  9.72 it/s  ETA 38m
    ep 0 step 4100/26290  loss 2.6281  lr 1.72e-04  9.72 it/s  ETA 38m
    ep 0 step 4200/26290  loss 2.6350  lr 1.71e-04  9.72 it/s  ETA 38m
    ep 0 step 4300/26290  loss 2.6388  lr 1.71e-04  9.72 it/s  ETA 38m
    ep 0 step 4400/26290  loss 2.6593  lr 1.70e-04  9.72 it/s  ETA 38m
    ep 0 step 4500/26290  loss 2.6365  lr 1.69e-04  9.72 it/s  ETA 37m
    ep 0 step 4600/26290  loss 2.6346  lr 1.68e-04  9.72 it/s  ETA 37m
    ep 0 step 4700/26290  loss 2.6084  lr 1.67e-04  9.72 it/s  ETA 37m
    ep 0 step 4800/26290  loss 2.6544  lr 1.67e-04  9.72 it/s  ETA 37m
    ep 0 step 4900/26290  loss 2.6192  lr 1.66e-04  9.72 it/s  ETA 37m
    ep 0 step 5000/26290  loss 2.6142  lr 1.65e-04  9.72 it/s  ETA 37m
    ep 0 step 5100/26290  loss 2.6362  lr 1.64e-04  9.72 it/s  ETA 36m
    ep 0 step 5200/26290  loss 2.6441  lr 1.64e-04  9.73 it/s  ETA 36m
[W1004 14:34:58.659380540 CUDACachingAllocator.cpp:3934] memory allocation failed with OOM on device 0 while trying to allocate 419430400 bytes (free: 385286144, total: 23684841472).
[W1004 14:35:03.588764765 CUDACachingAllocator.cpp:3934] memory allocation failed with OOM on device 0 while trying to allocate 603979776 bytes (free: 150405120, total: 23684841472).
[W1004 14:35:12.861648531 CUDACachingAllocator.cpp:3934] memory allocation failed with OOM on device 0 while trying to allocate 729808896 bytes (free: 674693120, total: 23684841472).
[W1004 14:35:17.683488292 CUDACachingAllocator.cpp:3934] memory allocation failed with OOM on device 0 while trying to allocate 836763648 bytes (free: 349634560, total: 23684841472).
    [ep 0] val loss 1.1751  ppl 3.238  train 1.1103  gap +0.0648  (24s)  <- tot nhat
    ep 1 step 5300/26290  loss 2.6278  lr 1.63e-04  9.31 it/s  ETA 38m
    ep 1 step 5400/26290  loss 2.6501  lr 1.62e-04  9.32 it/s  ETA 37m
    ep 1 step 5500/26290  loss 2.6210  lr 1.61e-04  9.32 it/s  ETA 37m
    ep 1 step 5600/26290  loss 2.6176  lr 1.60e-04  9.33 it/s  ETA 37m
    ep 1 step 5700/26290  loss 2.6111  lr 1.60e-04  9.34 it/s  ETA 37m
    ep 1 step 5800/26290  loss 2.6292  lr 1.59e-04  9.35 it/s  ETA 37m
    ep 1 step 5900/26290  loss 2.6061  lr 1.58e-04  9.36 it/s  ETA 36m
    ep 1 step 6000/26290  loss 2.6608  lr 1.57e-04  9.37 it/s  ETA 36m
    ep 1 step 6100/26290  loss 2.6526  lr 1.57e-04  9.37 it/s  ETA 36m
    ep 1 step 6200/26290  loss 2.6140  lr 1.56e-04  9.38 it/s  ETA 36m
    ep 1 step 6300/26290  loss 2.6421  lr 1.55e-04  9.39 it/s  ETA 35m
    ep 1 step 6400/26290  loss 2.6022  lr 1.54e-04  9.40 it/s  ETA 35m
    ep 1 step 6500/26290  loss 2.5669  lr 1.53e-04  9.40 it/s  ETA 35m
    ep 1 step 6600/26290  loss 2.6069  lr 1.53e-04  9.40 it/s  ETA 35m
    ep 1 step 6700/26290  loss 2.6149  lr 1.52e-04  9.40 it/s  ETA 35m
    ep 1 step 6800/26290  loss 2.5756  lr 1.51e-04  9.41 it/s  ETA 35m
    ep 1 step 6900/26290  loss 2.5871  lr 1.50e-04  9.41 it/s  ETA 34m
    ep 1 step 7000/26290  loss 2.6305  lr 1.50e-04  9.42 it/s  ETA 34m
    ep 1 step 7100/26290  loss 2.5922  lr 1.49e-04  9.42 it/s  ETA 34m
    ep 1 step 7200/26290  loss 2.6225  lr 1.48e-04  9.42 it/s  ETA 34m
    ep 1 step 7300/26290  loss 2.6082  lr 1.47e-04  9.43 it/s  ETA 34m
    ep 1 step 7400/26290  loss 2.6264  lr 1.46e-04  9.43 it/s  ETA 33m
    ep 1 step 7500/26290  loss 2.6207  lr 1.46e-04  9.44 it/s  ETA 33m
    ep 1 step 7600/26290  loss 2.6109  lr 1.45e-04  9.44 it/s  ETA 33m
    ep 1 step 7700/26290  loss 2.6124  lr 1.44e-04  9.44 it/s  ETA 33m
    ep 1 step 7800/26290  loss 2.6073  lr 1.43e-04  9.45 it/s  ETA 33m
    ep 1 step 7900/26290  loss 2.5935  lr 1.43e-04  9.45 it/s  ETA 32m
    ep 1 step 8000/26290  loss 2.5853  lr 1.42e-04  9.46 it/s  ETA 32m
    ep 1 step 8100/26290  loss 2.5986  lr 1.41e-04  9.46 it/s  ETA 32m
    ep 1 step 8200/26290  loss 2.5775  lr 1.40e-04  9.46 it/s  ETA 32m
    ep 1 step 8300/26290  loss 2.6079  lr 1.40e-04  9.47 it/s  ETA 32m
    ep 1 step 8400/26290  loss 2.6202  lr 1.39e-04  9.47 it/s  ETA 31m
    ep 1 step 8500/26290  loss 2.6262  lr 1.38e-04  9.48 it/s  ETA 31m
    ep 1 step 8600/26290  loss 2.5996  lr 1.37e-04  9.48 it/s  ETA 31m
    ep 1 step 8700/26290  loss 2.6134  lr 1.36e-04  9.48 it/s  ETA 31m
    ep 1 step 8800/26290  loss 2.6057  lr 1.36e-04  9.49 it/s  ETA 31m
    ep 1 step 8900/26290  loss 2.6120  lr 1.35e-04  9.49 it/s  ETA 31m
    ep 1 step 9000/26290  loss 2.6089  lr 1.34e-04  9.50 it/s  ETA 30m
    ep 1 step 9100/26290  loss 2.6026  lr 1.33e-04  9.50 it/s  ETA 30m
    ep 1 step 9200/26290  loss 2.6229  lr 1.33e-04  9.50 it/s  ETA 30m
    ep 1 step 9300/26290  loss 2.5968  lr 1.32e-04  9.50 it/s  ETA 30m
    ep 1 step 9400/26290  loss 2.5931  lr 1.31e-04  9.51 it/s  ETA 30m
    ep 1 step 9500/26290  loss 2.6389  lr 1.30e-04  9.51 it/s  ETA 29m
    ep 1 step 9600/26290  loss 2.6251  lr 1.29e-04  9.51 it/s  ETA 29m
    ep 1 step 9700/26290  loss 2.5957  lr 1.29e-04  9.51 it/s  ETA 29m
    ep 1 step 9800/26290  loss 2.5906  lr 1.28e-04  9.52 it/s  ETA 29m
    ep 1 step 9900/26290  loss 2.5924  lr 1.27e-04  9.52 it/s  ETA 29m
    ep 1 step 10000/26290  loss 2.6072  lr 1.26e-04  9.52 it/s  ETA 29m
    ep 1 step 10100/26290  loss 2.5653  lr 1.26e-04  9.52 it/s  ETA 28m
    ep 1 step 10200/26290  loss 2.5847  lr 1.25e-04  9.52 it/s  ETA 28m
    ep 1 step 10300/26290  loss 2.5879  lr 1.24e-04  9.53 it/s  ETA 28m
    ep 1 step 10400/26290  loss 2.6183  lr 1.23e-04  9.53 it/s  ETA 28m
    ep 1 step 10500/26290  loss 2.5844  lr 1.22e-04  9.53 it/s  ETA 28m
    [ep 1] val loss 1.1546  ppl 3.173  train 1.0975  gap +0.0572  (24s)  <- tot nhat
    ep 2 step 10600/26290  loss 2.5747  lr 1.22e-04  9.34 it/s  ETA 28m
    ep 2 step 10700/26290  loss 2.5650  lr 1.21e-04  9.34 it/s  ETA 28m
    ep 2 step 10800/26290  loss 2.6090  lr 1.20e-04  9.35 it/s  ETA 28m
    ep 2 step 10900/26290  loss 2.5630  lr 1.19e-04  9.35 it/s  ETA 27m
    ep 2 step 11000/26290  loss 2.5940  lr 1.19e-04  9.35 it/s  ETA 27m
    ep 2 step 11100/26290  loss 2.5674  lr 1.18e-04  9.36 it/s  ETA 27m
    ep 2 step 11200/26290  loss 2.5839  lr 1.17e-04  9.36 it/s  ETA 27m
    ep 2 step 11300/26290  loss 2.5725  lr 1.16e-04  9.36 it/s  ETA 27m
    ep 2 step 11400/26290  loss 2.5824  lr 1.15e-04  9.37 it/s  ETA 26m
    ep 2 step 11500/26290  loss 2.6129  lr 1.15e-04  9.37 it/s  ETA 26m
    ep 2 step 11600/26290  loss 2.5682  lr 1.14e-04  9.37 it/s  ETA 26m
    ep 2 step 11700/26290  loss 2.6079  lr 1.13e-04  9.38 it/s  ETA 26m
    ep 2 step 11800/26290  loss 2.5972  lr 1.12e-04  9.38 it/s  ETA 26m
    ep 2 step 11900/26290  loss 2.6031  lr 1.12e-04  9.38 it/s  ETA 26m
    ep 2 step 12000/26290  loss 2.5802  lr 1.11e-04  9.39 it/s  ETA 25m
    ep 2 step 12100/26290  loss 2.5884  lr 1.10e-04  9.39 it/s  ETA 25m
    ep 2 step 12200/26290  loss 2.5646  lr 1.09e-04  9.39 it/s  ETA 25m
    ep 2 step 12300/26290  loss 2.5763  lr 1.08e-04  9.39 it/s  ETA 25m
    ep 2 step 12400/26290  loss 2.5938  lr 1.08e-04  9.40 it/s  ETA 25m
    ep 2 step 12500/26290  loss 2.6042  lr 1.07e-04  9.40 it/s  ETA 24m
    ep 2 step 12600/26290  loss 2.5816  lr 1.06e-04  9.41 it/s  ETA 24m
    ep 2 step 12700/26290  loss 2.5639  lr 1.05e-04  9.41 it/s  ETA 24m
    ep 2 step 12800/26290  loss 2.5480  lr 1.05e-04  9.41 it/s  ETA 24m
    ep 2 step 12900/26290  loss 2.5557  lr 1.04e-04  9.42 it/s  ETA 24m
    ep 2 step 13000/26290  loss 2.5713  lr 1.03e-04  9.42 it/s  ETA 24m
    ep 2 step 13100/26290  loss 2.5626  lr 1.02e-04  9.42 it/s  ETA 23m
    ep 2 step 13200/26290  loss 2.5867  lr 1.02e-04  9.43 it/s  ETA 23m
    ep 2 step 13300/26290  loss 2.5726  lr 1.01e-04  9.43 it/s  ETA 23m
    ep 2 step 13400/26290  loss 2.5855  lr 1.00e-04  9.43 it/s  ETA 23m
    ep 2 step 13500/26290  loss 2.5958  lr 9.92e-05  9.43 it/s  ETA 23m
    ep 2 step 13600/26290  loss 2.6088  lr 9.84e-05  9.44 it/s  ETA 22m
    ep 2 step 13700/26290  loss 2.6041  lr 9.76e-05  9.44 it/s  ETA 22m
    ep 2 step 13800/26290  loss 2.5822  lr 9.69e-05  9.44 it/s  ETA 22m
    ep 2 step 13900/26290  loss 2.6022  lr 9.61e-05  9.44 it/s  ETA 22m
    ep 2 step 14000/26290  loss 2.5797  lr 9.53e-05  9.45 it/s  ETA 22m
    ep 2 step 14100/26290  loss 2.5768  lr 9.45e-05  9.45 it/s  ETA 22m
    ep 2 step 14200/26290  loss 2.5869  lr 9.38e-05  9.45 it/s  ETA 21m
    ep 2 step 14300/26290  loss 2.5982  lr 9.30e-05  9.45 it/s  ETA 21m
    ep 2 step 14400/26290  loss 2.6031  lr 9.22e-05  9.46 it/s  ETA 21m
    ep 2 step 14500/26290  loss 2.5799  lr 9.14e-05  9.46 it/s  ETA 21m
    ep 2 step 14600/26290  loss 2.5563  lr 9.07e-05  9.46 it/s  ETA 21m
    ep 2 step 14700/26290  loss 2.6076  lr 8.99e-05  9.46 it/s  ETA 20m
    ep 2 step 14800/26290  loss 2.6071  lr 8.91e-05  9.46 it/s  ETA 20m
    ep 2 step 14900/26290  loss 2.5890  lr 8.83e-05  9.47 it/s  ETA 20m
    ep 2 step 15000/26290  loss 2.6155  lr 8.76e-05  9.47 it/s  ETA 20m
    ep 2 step 15100/26290  loss 2.5936  lr 8.68e-05  9.47 it/s  ETA 20m
    ep 2 step 15200/26290  loss 2.5645  lr 8.60e-05  9.47 it/s  ETA 20m
    ep 2 step 15300/26290  loss 2.5765  lr 8.52e-05  9.47 it/s  ETA 19m
    ep 2 step 15400/26290  loss 2.5549  lr 8.45e-05  9.48 it/s  ETA 19m
    ep 2 step 15500/26290  loss 2.6111  lr 8.37e-05  9.48 it/s  ETA 19m
    ep 2 step 15600/26290  loss 2.5666  lr 8.29e-05  9.48 it/s  ETA 19m
    ep 2 step 15700/26290  loss 2.5650  lr 8.21e-05  9.48 it/s  ETA 19m
    [ep 2] val loss 1.1529  ppl 3.167  train 1.0832  gap +0.0696  (24s)  <- tot nhat
    ep 3 step 15800/26290  loss 2.6122  lr 8.13e-05  9.35 it/s  ETA 19m
    ep 3 step 15900/26290  loss 2.5722  lr 8.06e-05  9.35 it/s  ETA 19m
    ep 3 step 16000/26290  loss 2.5480  lr 7.98e-05  9.35 it/s  ETA 18m
    ep 3 step 16100/26290  loss 2.6003  lr 7.90e-05  9.35 it/s  ETA 18m
    ep 3 step 16200/26290  loss 2.5622  lr 7.82e-05  9.36 it/s  ETA 18m
    ep 3 step 16300/26290  loss 2.5614  lr 7.75e-05  9.36 it/s  ETA 18m
    ep 3 step 16400/26290  loss 2.5436  lr 7.67e-05  9.36 it/s  ETA 18m
    ep 3 step 16500/26290  loss 2.5910  lr 7.59e-05  9.36 it/s  ETA 17m
    ep 3 step 16600/26290  loss 2.5770  lr 7.51e-05  9.37 it/s  ETA 17m
    ep 3 step 16700/26290  loss 2.5826  lr 7.44e-05  9.37 it/s  ETA 17m
    ep 3 step 16800/26290  loss 2.5768  lr 7.36e-05  9.37 it/s  ETA 17m
    ep 3 step 16900/26290  loss 2.5874  lr 7.28e-05  9.37 it/s  ETA 17m
    ep 3 step 17000/26290  loss 2.5844  lr 7.20e-05  9.38 it/s  ETA 17m
    ep 3 step 17100/26290  loss 2.5946  lr 7.13e-05  9.38 it/s  ETA 16m
    ep 3 step 17200/26290  loss 2.5483  lr 7.05e-05  9.38 it/s  ETA 16m
    ep 3 step 17300/26290  loss 2.5897  lr 6.97e-05  9.38 it/s  ETA 16m
    ep 3 step 17400/26290  loss 2.5479  lr 6.89e-05  9.39 it/s  ETA 16m
    ep 3 step 17500/26290  loss 2.5605  lr 6.82e-05  9.39 it/s  ETA 16m
    ep 3 step 17600/26290  loss 2.5805  lr 6.74e-05  9.39 it/s  ETA 15m
    ep 3 step 17700/26290  loss 2.5721  lr 6.66e-05  9.39 it/s  ETA 15m
    ep 3 step 17800/26290  loss 2.5754  lr 6.58e-05  9.39 it/s  ETA 15m
    ep 3 step 17900/26290  loss 2.5835  lr 6.51e-05  9.40 it/s  ETA 15m
    ep 3 step 18000/26290  loss 2.5728  lr 6.43e-05  9.40 it/s  ETA 15m
    ep 3 step 18100/26290  loss 2.6028  lr 6.35e-05  9.40 it/s  ETA 15m
    ep 3 step 18200/26290  loss 2.5722  lr 6.27e-05  9.40 it/s  ETA 14m
    ep 3 step 18300/26290  loss 2.5691  lr 6.20e-05  9.40 it/s  ETA 14m
    ep 3 step 18400/26290  loss 2.5967  lr 6.12e-05  9.40 it/s  ETA 14m
    ep 3 step 18500/26290  loss 2.5540  lr 6.04e-05  9.41 it/s  ETA 14m
    ep 3 step 18600/26290  loss 2.5905  lr 5.96e-05  9.41 it/s  ETA 14m
    ep 3 step 18700/26290  loss 2.5540  lr 5.89e-05  9.41 it/s  ETA 13m
    ep 3 step 18800/26290  loss 2.5737  lr 5.81e-05  9.41 it/s  ETA 13m
    ep 3 step 18900/26290  loss 2.5962  lr 5.73e-05  9.42 it/s  ETA 13m
    ep 3 step 19000/26290  loss 2.5906  lr 5.65e-05  9.42 it/s  ETA 13m
    ep 3 step 19100/26290  loss 2.5531  lr 5.58e-05  9.42 it/s  ETA 13m
    ep 3 step 19200/26290  loss 2.5708  lr 5.50e-05  9.42 it/s  ETA 13m
    ep 3 step 19300/26290  loss 2.5718  lr 5.42e-05  9.42 it/s  ETA 12m
    ep 3 step 19400/26290  loss 2.5678  lr 5.34e-05  9.42 it/s  ETA 12m
    ep 3 step 19500/26290  loss 2.5797  lr 5.27e-05  9.43 it/s  ETA 12m
    ep 3 step 19600/26290  loss 2.5464  lr 5.19e-05  9.43 it/s  ETA 12m
    ep 3 step 19700/26290  loss 2.6038  lr 5.11e-05  9.43 it/s  ETA 12m
    ep 3 step 19800/26290  loss 2.5987  lr 5.03e-05  9.43 it/s  ETA 11m
    ep 3 step 19900/26290  loss 2.5593  lr 4.96e-05  9.43 it/s  ETA 11m
    ep 3 step 20000/26290  loss 2.5690  lr 4.88e-05  9.44 it/s  ETA 11m
    ep 3 step 20100/26290  loss 2.5466  lr 4.80e-05  9.44 it/s  ETA 11m
    ep 3 step 20200/26290  loss 2.5594  lr 4.72e-05  9.44 it/s  ETA 11m
    ep 3 step 20300/26290  loss 2.5733  lr 4.65e-05  9.44 it/s  ETA 11m
    ep 3 step 20400/26290  loss 2.5318  lr 4.57e-05  9.44 it/s  ETA 10m
    ep 3 step 20500/26290  loss 2.5703  lr 4.49e-05  9.44 it/s  ETA 10m
    ep 3 step 20600/26290  loss 2.5688  lr 4.41e-05  9.45 it/s  ETA 10m
    ep 3 step 20700/26290  loss 2.5679  lr 4.34e-05  9.45 it/s  ETA 10m
    ep 3 step 20800/26290  loss 2.5732  lr 4.26e-05  9.45 it/s  ETA 10m
    ep 3 step 20900/26290  loss 2.5821  lr 4.18e-05  9.45 it/s  ETA 10m
    ep 3 step 21000/26290  loss 2.5603  lr 4.10e-05  9.45 it/s  ETA 9m
    [ep 3] val loss 1.1441  ppl 3.140  train 1.0774  gap +0.0668  (24s)  <- tot nhat
    ep 4 step 21100/26290  loss 2.5515  lr 4.02e-05  9.35 it/s  ETA 9m
    ep 4 step 21200/26290  loss 2.5653  lr 3.95e-05  9.36 it/s  ETA 9m
    ep 4 step 21300/26290  loss 2.5516  lr 3.87e-05  9.36 it/s  ETA 9m
    ep 4 step 21400/26290  loss 2.5961  lr 3.79e-05  9.36 it/s  ETA 9m
    ep 4 step 21500/26290  loss 2.5617  lr 3.71e-05  9.36 it/s  ETA 9m
    ep 4 step 21600/26290  loss 2.5713  lr 3.64e-05  9.36 it/s  ETA 8m
    ep 4 step 21700/26290  loss 2.5731  lr 3.56e-05  9.37 it/s  ETA 8m
    ep 4 step 21800/26290  loss 2.5601  lr 3.48e-05  9.37 it/s  ETA 8m
    ep 4 step 21900/26290  loss 2.5846  lr 3.40e-05  9.37 it/s  ETA 8m
    ep 4 step 22000/26290  loss 2.5607  lr 3.33e-05  9.37 it/s  ETA 8m
    ep 4 step 22100/26290  loss 2.5257  lr 3.25e-05  9.37 it/s  ETA 7m
    ep 4 step 22200/26290  loss 2.5257  lr 3.17e-05  9.38 it/s  ETA 7m
    ep 4 step 22300/26290  loss 2.5818  lr 3.09e-05  9.38 it/s  ETA 7m
    ep 4 step 22400/26290  loss 2.5726  lr 3.02e-05  9.38 it/s  ETA 7m
    ep 4 step 22500/26290  loss 2.5549  lr 2.94e-05  9.38 it/s  ETA 7m
    ep 4 step 22600/26290  loss 2.5874  lr 2.86e-05  9.38 it/s  ETA 7m
    ep 4 step 22700/26290  loss 2.5610  lr 2.78e-05  9.39 it/s  ETA 6m
    ep 4 step 22800/26290  loss 2.5448  lr 2.71e-05  9.39 it/s  ETA 6m
    ep 4 step 22900/26290  loss 2.5643  lr 2.63e-05  9.39 it/s  ETA 6m
    ep 4 step 23000/26290  loss 2.5569  lr 2.55e-05  9.39 it/s  ETA 6m
    ep 4 step 23100/26290  loss 2.5474  lr 2.47e-05  9.39 it/s  ETA 6m
    ep 4 step 23200/26290  loss 2.5520  lr 2.40e-05  9.39 it/s  ETA 5m
    ep 4 step 23300/26290  loss 2.5719  lr 2.32e-05  9.40 it/s  ETA 5m
    ep 4 step 23400/26290  loss 2.5691  lr 2.24e-05  9.40 it/s  ETA 5m
    ep 4 step 23500/26290  loss 2.5715  lr 2.16e-05  9.40 it/s  ETA 5m
    ep 4 step 23600/26290  loss 2.5966  lr 2.09e-05  9.40 it/s  ETA 5m
    ep 4 step 23700/26290  loss 2.5559  lr 2.01e-05  9.40 it/s  ETA 5m
    ep 4 step 23800/26290  loss 2.5574  lr 1.93e-05  9.40 it/s  ETA 4m
    ep 4 step 23900/26290  loss 2.5701  lr 1.85e-05  9.40 it/s  ETA 4m
    ep 4 step 24000/26290  loss 2.5748  lr 1.78e-05  9.41 it/s  ETA 4m
    ep 4 step 24100/26290  loss 2.5763  lr 1.70e-05  9.41 it/s  ETA 4m
    ep 4 step 24200/26290  loss 2.5404  lr 1.62e-05  9.41 it/s  ETA 4m
    ep 4 step 24300/26290  loss 2.5340  lr 1.54e-05  9.41 it/s  ETA 4m
    ep 4 step 24400/26290  loss 2.5424  lr 1.47e-05  9.41 it/s  ETA 3m
    ep 4 step 24500/26290  loss 2.5718  lr 1.39e-05  9.41 it/s  ETA 3m
    ep 4 step 24600/26290  loss 2.5840  lr 1.31e-05  9.41 it/s  ETA 3m
    ep 4 step 24700/26290  loss 2.5590  lr 1.23e-05  9.42 it/s  ETA 3m
    ep 4 step 24800/26290  loss 2.5561  lr 1.16e-05  9.42 it/s  ETA 3m
    ep 4 step 24900/26290  loss 2.5678  lr 1.08e-05  9.42 it/s  ETA 2m
    ep 4 step 25000/26290  loss 2.5774  lr 1.00e-05  9.42 it/s  ETA 2m
    ep 4 step 25100/26290  loss 2.5716  lr 9.23e-06  9.42 it/s  ETA 2m
    ep 4 step 25200/26290  loss 2.5743  lr 8.45e-06  9.42 it/s  ETA 2m
    ep 4 step 25300/26290  loss 2.5617  lr 7.68e-06  9.42 it/s  ETA 2m
    ep 4 step 25400/26290  loss 2.5504  lr 6.90e-06  9.42 it/s  ETA 2m
    ep 4 step 25500/26290  loss 2.5611  lr 6.13e-06  9.42 it/s  ETA 1m
    ep 4 step 25600/26290  loss 2.5742  lr 5.35e-06  9.42 it/s  ETA 1m
    ep 4 step 25700/26290  loss 2.5729  lr 4.58e-06  9.42 it/s  ETA 1m
    ep 4 step 25800/26290  loss 2.5764  lr 3.80e-06  9.43 it/s  ETA 1m
    ep 4 step 25900/26290  loss 2.5997  lr 3.02e-06  9.43 it/s  ETA 1m
    ep 4 step 26000/26290  loss 2.5719  lr 2.25e-06  9.43 it/s  ETA 1m
    ep 4 step 26100/26290  loss 2.5778  lr 1.47e-06  9.43 it/s  ETA 0m
    ep 4 step 26200/26290  loss 2.5491  lr 6.98e-07  9.43 it/s  ETA 0m
    [ep 4] val loss 1.1451  ppl 3.143  train 1.0739  gap +0.0712  (24s)
    luu runs_qwen1.5B_bf16/rowspace_r7_colperm_s0_last.pt  (0.4 MB)
    luu runs_qwen1.5B_bf16/rowspace_r7_colperm_s0_best.pt  (epoch 3, val 1.1441)
    -> khoi phuc epoch 3 (val 1.1441), thay vi epoch cuoi (1.1451)
      sinh 32/630  (3s)

    [rowspace_r7_colperm_s0]  BLEU-4 = 65.07   ROUGE-L = 68.53   (630 cau)
    vi du: Blue Spice is a coffee shop in the city centre.
    sinh 630 cau trong 76s (8.29 cau/s, 207 tu/s)

  do tre (batch 8 x seq 128):
    forward            68.23 ms  (15.0 k token/s)
    forward+bwd       175.99 ms  (5.8 k token/s)
    forward da gop     64.75 ms   -> chua gop cham hon +5.4 %

  ket qua -> runs_qwen1.5B_bf16/rowspace_r7_colperm_s0.json  (va them dong vao summary.jsonl)
  cham diem chinh thuc:  python measure_scores.py runs_qwen1.5B_bf16/rowspace_r7_colperm_s0_refs.txt runs_qwen1.5B_bf16/rowspace_r7_colperm_s0_hyps.txt
RUN_DONE_1.5B_bf16_rowspace_r7

==================================================================
==> 1.5B  bf16  lora r=2
==================================================================

=== lora_r2_na_s0 ===
model=Qwen/Qwen2.5-1.5B  device=cuda  targets=['self_attn.k_proj', 'self_attn.v_proj']
  nap E2E NLG...
  train 42061 vi du | val 4672 | test 630 MR duy nhat
Loading weights:   0%|          | 0/338 [00:00<?, ?it/s]Loading weights: 100%|██████████| 338/338 [00:00<00:00, 6521.97it/s]
  model dtype: bf16 (nguong kiem phan ra noi thanh 3e-02)

  TRAIN DUOC: 0.201 M (0.013 % cua 1543.92 M)   [dung model + phan ra: 1.1s]

  train: 42061 vi du, 26290 buoc, lr=0.0002 (linear), batch=8
    ep 0 step 100/26290  loss 3.7424  lr 4.00e-05  9.53 it/s  ETA 46m
    ep 0 step 200/26290  loss 3.3156  lr 8.00e-05  10.09 it/s  ETA 43m
    ep 0 step 300/26290  loss 3.0213  lr 1.20e-04  10.33 it/s  ETA 42m
    ep 0 step 400/26290  loss 2.9166  lr 1.60e-04  10.34 it/s  ETA 42m
    ep 0 step 500/26290  loss 2.8454  lr 2.00e-04  10.36 it/s  ETA 41m
    ep 0 step 600/26290  loss 2.8179  lr 1.99e-04  10.39 it/s  ETA 41m
    ep 0 step 700/26290  loss 2.7837  lr 1.98e-04  10.36 it/s  ETA 41m
    ep 0 step 800/26290  loss 2.7705  lr 1.98e-04  10.37 it/s  ETA 41m
    ep 0 step 900/26290  loss 2.7430  lr 1.97e-04  10.38 it/s  ETA 41m
    ep 0 step 1000/26290  loss 2.7349  lr 1.96e-04  10.41 it/s  ETA 41m
    ep 0 step 1100/26290  loss 2.7229  lr 1.95e-04  10.39 it/s  ETA 40m
    ep 0 step 1200/26290  loss 2.7203  lr 1.95e-04  10.38 it/s  ETA 40m
    ep 0 step 1300/26290  loss 2.6827  lr 1.94e-04  10.38 it/s  ETA 40m
    ep 0 step 1400/26290  loss 2.7282  lr 1.93e-04  10.38 it/s  ETA 40m
    ep 0 step 1500/26290  loss 2.7411  lr 1.92e-04  10.39 it/s  ETA 40m
    ep 0 step 1600/26290  loss 2.7465  lr 1.91e-04  10.39 it/s  ETA 40m
    ep 0 step 1700/26290  loss 2.7226  lr 1.91e-04  10.39 it/s  ETA 39m
    ep 0 step 1800/26290  loss 2.6753  lr 1.90e-04  10.38 it/s  ETA 39m
    ep 0 step 1900/26290  loss 2.7143  lr 1.89e-04  10.37 it/s  ETA 39m
    ep 0 step 2000/26290  loss 2.7222  lr 1.88e-04  10.37 it/s  ETA 39m
    ep 0 step 2100/26290  loss 2.7401  lr 1.88e-04  10.37 it/s  ETA 39m
    ep 0 step 2200/26290  loss 2.6925  lr 1.87e-04  10.37 it/s  ETA 39m
    ep 0 step 2300/26290  loss 2.7462  lr 1.86e-04  10.37 it/s  ETA 39m
    ep 0 step 2400/26290  loss 2.7085  lr 1.85e-04  10.37 it/s  ETA 38m
    ep 0 step 2500/26290  loss 2.7007  lr 1.84e-04  10.38 it/s  ETA 38m
    ep 0 step 2600/26290  loss 2.7187  lr 1.84e-04  10.38 it/s  ETA 38m
    ep 0 step 2700/26290  loss 2.6771  lr 1.83e-04  10.38 it/s  ETA 38m
    ep 0 step 2800/26290  loss 2.7228  lr 1.82e-04  10.38 it/s  ETA 38m
    ep 0 step 2900/26290  loss 2.7202  lr 1.81e-04  10.38 it/s  ETA 38m
    ep 0 step 3000/26290  loss 2.6865  lr 1.81e-04  10.39 it/s  ETA 37m
    ep 0 step 3100/26290  loss 2.7034  lr 1.80e-04  10.39 it/s  ETA 37m
    ep 0 step 3200/26290  loss 2.6555  lr 1.79e-04  10.39 it/s  ETA 37m
    ep 0 step 3300/26290  loss 2.6755  lr 1.78e-04  10.40 it/s  ETA 37m
    ep 0 step 3400/26290  loss 2.7395  lr 1.78e-04  10.39 it/s  ETA 37m
    ep 0 step 3500/26290  loss 2.6884  lr 1.77e-04  10.39 it/s  ETA 37m
    ep 0 step 3600/26290  loss 2.6937  lr 1.76e-04  10.40 it/s  ETA 36m
    ep 0 step 3700/26290  loss 2.7102  lr 1.75e-04  10.40 it/s  ETA 36m
    ep 0 step 3800/26290  loss 2.6864  lr 1.74e-04  10.40 it/s  ETA 36m
    ep 0 step 3900/26290  loss 2.6808  lr 1.74e-04  10.41 it/s  ETA 36m
    ep 0 step 4000/26290  loss 2.7083  lr 1.73e-04  10.41 it/s  ETA 36m
    ep 0 step 4100/26290  loss 2.6821  lr 1.72e-04  10.41 it/s  ETA 36m
    ep 0 step 4200/26290  loss 2.6915  lr 1.71e-04  10.41 it/s  ETA 35m
    ep 0 step 4300/26290  loss 2.6973  lr 1.71e-04  10.41 it/s  ETA 35m
    ep 0 step 4400/26290  loss 2.7098  lr 1.70e-04  10.41 it/s  ETA 35m
    ep 0 step 4500/26290  loss 2.6902  lr 1.69e-04  10.42 it/s  ETA 35m
    ep 0 step 4600/26290  loss 2.6922  lr 1.68e-04  10.42 it/s  ETA 35m
    ep 0 step 4700/26290  loss 2.6683  lr 1.67e-04  10.42 it/s  ETA 35m
    ep 0 step 4800/26290  loss 2.7081  lr 1.67e-04  10.42 it/s  ETA 34m
    ep 0 step 4900/26290  loss 2.6801  lr 1.66e-04  10.42 it/s  ETA 34m
    ep 0 step 5000/26290  loss 2.6677  lr 1.65e-04  10.42 it/s  ETA 34m
    ep 0 step 5100/26290  loss 2.6934  lr 1.64e-04  10.42 it/s  ETA 34m
    ep 0 step 5200/26290  loss 2.7044  lr 1.64e-04  10.43 it/s  ETA 34m
[W1004 15:22:54.841144541 CUDACachingAllocator.cpp:3934] memory allocation failed with OOM on device 0 while trying to allocate 419430400 bytes (free: 387383296, total: 23684841472).
[W1004 15:23:00.634168953 CUDACachingAllocator.cpp:3934] memory allocation failed with OOM on device 0 while trying to allocate 603979776 bytes (free: 142016512, total: 23684841472).
[W1004 15:23:08.730693594 CUDACachingAllocator.cpp:3934] memory allocation failed with OOM on device 0 while trying to allocate 729808896 bytes (free: 668401664, total: 23684841472).
[W1004 15:23:12.454121325 CUDACachingAllocator.cpp:3934] memory allocation failed with OOM on device 0 while trying to allocate 836763648 bytes (free: 345440256, total: 23684841472).
    [ep 0] val loss 1.2195  ppl 3.386  train 1.1597  gap +0.0598  (24s)  <- tot nhat
    ep 1 step 5300/26290  loss 2.6908  lr 1.63e-04  9.96 it/s  ETA 35m
    ep 1 step 5400/26290  loss 2.7151  lr 1.62e-04  9.97 it/s  ETA 35m
    ep 1 step 5500/26290  loss 2.6897  lr 1.61e-04  9.97 it/s  ETA 35m
    ep 1 step 5600/26290  loss 2.6837  lr 1.60e-04  9.99 it/s  ETA 35m
    ep 1 step 5700/26290  loss 2.6779  lr 1.60e-04  10.00 it/s  ETA 34m
    ep 1 step 5800/26290  loss 2.6963  lr 1.59e-04  10.00 it/s  ETA 34m
    ep 1 step 5900/26290  loss 2.6717  lr 1.58e-04  10.01 it/s  ETA 34m
    ep 1 step 6000/26290  loss 2.7287  lr 1.57e-04  10.02 it/s  ETA 34m
    ep 1 step 6100/26290  loss 2.7178  lr 1.57e-04  10.03 it/s  ETA 34m
    ep 1 step 6200/26290  loss 2.6799  lr 1.56e-04  10.04 it/s  ETA 33m
    ep 1 step 6300/26290  loss 2.7091  lr 1.55e-04  10.05 it/s  ETA 33m
    ep 1 step 6400/26290  loss 2.6682  lr 1.54e-04  10.06 it/s  ETA 33m
    ep 1 step 6500/26290  loss 2.6317  lr 1.53e-04  10.06 it/s  ETA 33m
    ep 1 step 6600/26290  loss 2.6748  lr 1.53e-04  10.06 it/s  ETA 33m
    ep 1 step 6700/26290  loss 2.6814  lr 1.52e-04  10.06 it/s  ETA 32m
    ep 1 step 6800/26290  loss 2.6413  lr 1.51e-04  10.06 it/s  ETA 32m
    ep 1 step 6900/26290  loss 2.6485  lr 1.50e-04  10.07 it/s  ETA 32m
    ep 1 step 7000/26290  loss 2.6951  lr 1.50e-04  10.07 it/s  ETA 32m
    ep 1 step 7100/26290  loss 2.6593  lr 1.49e-04  10.08 it/s  ETA 32m
    ep 1 step 7200/26290  loss 2.6923  lr 1.48e-04  10.08 it/s  ETA 32m
    ep 1 step 7300/26290  loss 2.6721  lr 1.47e-04  10.09 it/s  ETA 31m
    ep 1 step 7400/26290  loss 2.6902  lr 1.46e-04  10.10 it/s  ETA 31m
    ep 1 step 7500/26290  loss 2.6928  lr 1.46e-04  10.10 it/s  ETA 31m
    ep 1 step 7600/26290  loss 2.6811  lr 1.45e-04  10.10 it/s  ETA 31m
    ep 1 step 7700/26290  loss 2.6818  lr 1.44e-04  10.10 it/s  ETA 31m
    ep 1 step 7800/26290  loss 2.6747  lr 1.43e-04  10.11 it/s  ETA 30m
    ep 1 step 7900/26290  loss 2.6635  lr 1.43e-04  10.11 it/s  ETA 30m
    ep 1 step 8000/26290  loss 2.6577  lr 1.42e-04  10.12 it/s  ETA 30m
    ep 1 step 8100/26290  loss 2.6708  lr 1.41e-04  10.12 it/s  ETA 30m
    ep 1 step 8200/26290  loss 2.6403  lr 1.40e-04  10.12 it/s  ETA 30m
    ep 1 step 8300/26290  loss 2.6716  lr 1.40e-04  10.13 it/s  ETA 30m
    ep 1 step 8400/26290  loss 2.6891  lr 1.39e-04  10.14 it/s  ETA 29m
    ep 1 step 8500/26290  loss 2.6957  lr 1.38e-04  10.14 it/s  ETA 29m
    ep 1 step 8600/26290  loss 2.6672  lr 1.37e-04  10.14 it/s  ETA 29m
    ep 1 step 8700/26290  loss 2.6796  lr 1.36e-04  10.14 it/s  ETA 29m
    ep 1 step 8800/26290  loss 2.6741  lr 1.36e-04  10.15 it/s  ETA 29m
    ep 1 step 8900/26290  loss 2.6851  lr 1.35e-04  10.15 it/s  ETA 29m
    ep 1 step 9000/26290  loss 2.6778  lr 1.34e-04  10.15 it/s  ETA 28m
    ep 1 step 9100/26290  loss 2.6666  lr 1.33e-04  10.16 it/s  ETA 28m
    ep 1 step 9200/26290  loss 2.6852  lr 1.33e-04  10.16 it/s  ETA 28m
    ep 1 step 9300/26290  loss 2.6649  lr 1.32e-04  10.16 it/s  ETA 28m
    ep 1 step 9400/26290  loss 2.6594  lr 1.31e-04  10.17 it/s  ETA 28m
    ep 1 step 9500/26290  loss 2.7143  lr 1.30e-04  10.17 it/s  ETA 28m
    ep 1 step 9600/26290  loss 2.6939  lr 1.29e-04  10.17 it/s  ETA 27m
    ep 1 step 9700/26290  loss 2.6603  lr 1.29e-04  10.17 it/s  ETA 27m
    ep 1 step 9800/26290  loss 2.6564  lr 1.28e-04  10.18 it/s  ETA 27m
    ep 1 step 9900/26290  loss 2.6636  lr 1.27e-04  10.18 it/s  ETA 27m
    ep 1 step 10000/26290  loss 2.6787  lr 1.26e-04  10.18 it/s  ETA 27m
    ep 1 step 10100/26290  loss 2.6374  lr 1.26e-04  10.18 it/s  ETA 26m
    ep 1 step 10200/26290  loss 2.6531  lr 1.25e-04  10.18 it/s  ETA 26m
    ep 1 step 10300/26290  loss 2.6582  lr 1.24e-04  10.19 it/s  ETA 26m
    ep 1 step 10400/26290  loss 2.6898  lr 1.23e-04  10.19 it/s  ETA 26m
    ep 1 step 10500/26290  loss 2.6550  lr 1.22e-04  10.19 it/s  ETA 26m
    [ep 1] val loss 1.2020  ppl 3.327  train 1.1571  gap +0.0449  (23s)  <- tot nhat
    ep 2 step 10600/26290  loss 2.6486  lr 1.22e-04  9.97 it/s  ETA 26m
    ep 2 step 10700/26290  loss 2.6479  lr 1.21e-04  9.98 it/s  ETA 26m
    ep 2 step 10800/26290  loss 2.6898  lr 1.20e-04  9.98 it/s  ETA 26m
    ep 2 step 10900/26290  loss 2.6379  lr 1.19e-04  9.99 it/s  ETA 26m
    ep 2 step 11000/26290  loss 2.6728  lr 1.19e-04  9.99 it/s  ETA 26m
    ep 2 step 11100/26290  loss 2.6450  lr 1.18e-04  9.99 it/s  ETA 25m
    ep 2 step 11200/26290  loss 2.6641  lr 1.17e-04  10.00 it/s  ETA 25m
    ep 2 step 11300/26290  loss 2.6559  lr 1.16e-04  10.00 it/s  ETA 25m
    ep 2 step 11400/26290  loss 2.6604  lr 1.15e-04  10.01 it/s  ETA 25m
    ep 2 step 11500/26290  loss 2.6955  lr 1.15e-04  10.01 it/s  ETA 25m
    ep 2 step 11600/26290  loss 2.6448  lr 1.14e-04  10.01 it/s  ETA 24m
    ep 2 step 11700/26290  loss 2.6907  lr 1.13e-04  10.02 it/s  ETA 24m
    ep 2 step 11800/26290  loss 2.6746  lr 1.12e-04  10.02 it/s  ETA 24m
    ep 2 step 11900/26290  loss 2.6812  lr 1.12e-04  10.02 it/s  ETA 24m
    ep 2 step 12000/26290  loss 2.6637  lr 1.11e-04  10.02 it/s  ETA 24m
    ep 2 step 12100/26290  loss 2.6729  lr 1.10e-04  10.03 it/s  ETA 24m
    ep 2 step 12200/26290  loss 2.6473  lr 1.09e-04  10.03 it/s  ETA 23m
    ep 2 step 12300/26290  loss 2.6528  lr 1.08e-04  10.03 it/s  ETA 23m
    ep 2 step 12400/26290  loss 2.6684  lr 1.08e-04  10.03 it/s  ETA 23m
    ep 2 step 12500/26290  loss 2.6863  lr 1.07e-04  10.04 it/s  ETA 23m
    ep 2 step 12600/26290  loss 2.6646  lr 1.06e-04  10.04 it/s  ETA 23m
    ep 2 step 12700/26290  loss 2.6455  lr 1.05e-04  10.05 it/s  ETA 23m
    ep 2 step 12800/26290  loss 2.6293  lr 1.05e-04  10.05 it/s  ETA 22m
    ep 2 step 12900/26290  loss 2.6273  lr 1.04e-04  10.06 it/s  ETA 22m
    ep 2 step 13000/26290  loss 2.6433  lr 1.03e-04  10.06 it/s  ETA 22m
    ep 2 step 13100/26290  loss 2.6453  lr 1.02e-04  10.06 it/s  ETA 22m
    ep 2 step 13200/26290  loss 2.6623  lr 1.02e-04  10.06 it/s  ETA 22m
    ep 2 step 13300/26290  loss 2.6501  lr 1.01e-04  10.07 it/s  ETA 22m
    ep 2 step 13400/26290  loss 2.6636  lr 1.00e-04  10.07 it/s  ETA 21m
    ep 2 step 13500/26290  loss 2.6758  lr 9.92e-05  10.07 it/s  ETA 21m
    ep 2 step 13600/26290  loss 2.6889  lr 9.84e-05  10.07 it/s  ETA 21m
    ep 2 step 13700/26290  loss 2.6799  lr 9.76e-05  10.08 it/s  ETA 21m
    ep 2 step 13800/26290  loss 2.6638  lr 9.69e-05  10.08 it/s  ETA 21m
    ep 2 step 13900/26290  loss 2.6846  lr 9.61e-05  10.09 it/s  ETA 20m
    ep 2 step 14000/26290  loss 2.6588  lr 9.53e-05  10.09 it/s  ETA 20m
    ep 2 step 14100/26290  loss 2.6556  lr 9.45e-05  10.09 it/s  ETA 20m
    ep 2 step 14200/26290  loss 2.6673  lr 9.38e-05  10.09 it/s  ETA 20m
    ep 2 step 14300/26290  loss 2.6749  lr 9.30e-05  10.09 it/s  ETA 20m
    ep 2 step 14400/26290  loss 2.6804  lr 9.22e-05  10.10 it/s  ETA 20m
    ep 2 step 14500/26290  loss 2.6586  lr 9.14e-05  10.10 it/s  ETA 19m
    ep 2 step 14600/26290  loss 2.6394  lr 9.07e-05  10.10 it/s  ETA 19m
    ep 2 step 14700/26290  loss 2.6874  lr 8.99e-05  10.10 it/s  ETA 19m
    ep 2 step 14800/26290  loss 2.6856  lr 8.91e-05  10.11 it/s  ETA 19m
    ep 2 step 14900/26290  loss 2.6743  lr 8.83e-05  10.11 it/s  ETA 19m
    ep 2 step 15000/26290  loss 2.6958  lr 8.76e-05  10.11 it/s  ETA 19m
    ep 2 step 15100/26290  loss 2.6734  lr 8.68e-05  10.11 it/s  ETA 18m
    ep 2 step 15200/26290  loss 2.6437  lr 8.60e-05  10.12 it/s  ETA 18m
    ep 2 step 15300/26290  loss 2.6552  lr 8.52e-05  10.12 it/s  ETA 18m
    ep 2 step 15400/26290  loss 2.6312  lr 8.45e-05  10.12 it/s  ETA 18m
    ep 2 step 15500/26290  loss 2.6933  lr 8.37e-05  10.12 it/s  ETA 18m
    ep 2 step 15600/26290  loss 2.6468  lr 8.29e-05  10.12 it/s  ETA 18m
    ep 2 step 15700/26290  loss 2.6460  lr 8.21e-05  10.12 it/s  ETA 17m
    [ep 2] val loss 1.1998  ppl 3.320  train 1.1463  gap +0.0535  (23s)  <- tot nhat
    ep 3 step 15800/26290  loss 2.6930  lr 8.13e-05  9.98 it/s  ETA 18m
    ep 3 step 15900/26290  loss 2.6570  lr 8.06e-05  9.98 it/s  ETA 17m
    ep 3 step 16000/26290  loss 2.6319  lr 7.98e-05  9.98 it/s  ETA 17m
    ep 3 step 16100/26290  loss 2.6951  lr 7.90e-05  9.98 it/s  ETA 17m
    ep 3 step 16200/26290  loss 2.6496  lr 7.82e-05  9.98 it/s  ETA 17m
    ep 3 step 16300/26290  loss 2.6439  lr 7.75e-05  9.99 it/s  ETA 17m
    ep 3 step 16400/26290  loss 2.6305  lr 7.67e-05  9.99 it/s  ETA 17m
    ep 3 step 16500/26290  loss 2.6789  lr 7.59e-05  9.99 it/s  ETA 16m
    ep 3 step 16600/26290  loss 2.6666  lr 7.51e-05  10.00 it/s  ETA 16m
    ep 3 step 16700/26290  loss 2.6653  lr 7.44e-05  10.00 it/s  ETA 16m
    ep 3 step 16800/26290  loss 2.6666  lr 7.36e-05  10.00 it/s  ETA 16m
    ep 3 step 16900/26290  loss 2.6737  lr 7.28e-05  10.00 it/s  ETA 16m
    ep 3 step 17000/26290  loss 2.6713  lr 7.20e-05  10.01 it/s  ETA 15m
    ep 3 step 17100/26290  loss 2.6840  lr 7.13e-05  10.01 it/s  ETA 15m
    ep 3 step 17200/26290  loss 2.6403  lr 7.05e-05  10.01 it/s  ETA 15m
    ep 3 step 17300/26290  loss 2.6781  lr 6.97e-05  10.01 it/s  ETA 15m
    ep 3 step 17400/26290  loss 2.6330  lr 6.89e-05  10.02 it/s  ETA 15m
    ep 3 step 17500/26290  loss 2.6437  lr 6.82e-05  10.02 it/s  ETA 15m
    ep 3 step 17600/26290  loss 2.6697  lr 6.74e-05  10.02 it/s  ETA 14m
    ep 3 step 17700/26290  loss 2.6578  lr 6.66e-05  10.03 it/s  ETA 14m
    ep 3 step 17800/26290  loss 2.6619  lr 6.58e-05  10.03 it/s  ETA 14m
    ep 3 step 17900/26290  loss 2.6739  lr 6.51e-05  10.03 it/s  ETA 14m
    ep 3 step 18000/26290  loss 2.6579  lr 6.43e-05  10.03 it/s  ETA 14m
    ep 3 step 18100/26290  loss 2.6927  lr 6.35e-05  10.03 it/s  ETA 14m
    ep 3 step 18200/26290  loss 2.6625  lr 6.27e-05  10.04 it/s  ETA 13m
    ep 3 step 18300/26290  loss 2.6628  lr 6.20e-05  10.04 it/s  ETA 13m
    ep 3 step 18400/26290  loss 2.6881  lr 6.12e-05  10.04 it/s  ETA 13m
    ep 3 step 18500/26290  loss 2.6421  lr 6.04e-05  10.04 it/s  ETA 13m
    ep 3 step 18600/26290  loss 2.6773  lr 5.96e-05  10.04 it/s  ETA 13m
    ep 3 step 18700/26290  loss 2.6452  lr 5.89e-05  10.05 it/s  ETA 13m
    ep 3 step 18800/26290  loss 2.6579  lr 5.81e-05  10.05 it/s  ETA 12m
    ep 3 step 18900/26290  loss 2.6796  lr 5.73e-05  10.05 it/s  ETA 12m
    ep 3 step 19000/26290  loss 2.6762  lr 5.65e-05  10.05 it/s  ETA 12m
    ep 3 step 19100/26290  loss 2.6401  lr 5.58e-05  10.05 it/s  ETA 12m
    ep 3 step 19200/26290  loss 2.6605  lr 5.50e-05  10.06 it/s  ETA 12m
    ep 3 step 19300/26290  loss 2.6633  lr 5.42e-05  10.06 it/s  ETA 12m
    ep 3 step 19400/26290  loss 2.6560  lr 5.34e-05  10.06 it/s  ETA 11m
    ep 3 step 19500/26290  loss 2.6694  lr 5.27e-05  10.06 it/s  ETA 11m
    ep 3 step 19600/26290  loss 2.6341  lr 5.19e-05  10.07 it/s  ETA 11m
    ep 3 step 19700/26290  loss 2.6953  lr 5.11e-05  10.07 it/s  ETA 11m
    ep 3 step 19800/26290  loss 2.6861  lr 5.03e-05  10.07 it/s  ETA 11m
    ep 3 step 19900/26290  loss 2.6459  lr 4.96e-05  10.07 it/s  ETA 11m
    ep 3 step 20000/26290  loss 2.6609  lr 4.88e-05  10.07 it/s  ETA 10m
    ep 3 step 20100/26290  loss 2.6366  lr 4.80e-05  10.07 it/s  ETA 10m
    ep 3 step 20200/26290  loss 2.6449  lr 4.72e-05  10.08 it/s  ETA 10m
    ep 3 step 20300/26290  loss 2.6617  lr 4.65e-05  10.08 it/s  ETA 10m
    ep 3 step 20400/26290  loss 2.6161  lr 4.57e-05  10.08 it/s  ETA 10m
    ep 3 step 20500/26290  loss 2.6630  lr 4.49e-05  10.08 it/s  ETA 10m
    ep 3 step 20600/26290  loss 2.6618  lr 4.41e-05  10.08 it/s  ETA 9m
    ep 3 step 20700/26290  loss 2.6562  lr 4.34e-05  10.08 it/s  ETA 9m
    ep 3 step 20800/26290  loss 2.6655  lr 4.26e-05  10.09 it/s  ETA 9m
    ep 3 step 20900/26290  loss 2.6728  lr 4.18e-05  10.09 it/s  ETA 9m
    ep 3 step 21000/26290  loss 2.6491  lr 4.10e-05  10.09 it/s  ETA 9m
    [ep 3] val loss 1.2032  ppl 3.331  train 1.1520  gap +0.0512  (23s)
    ep 4 step 21100/26290  loss 2.6393  lr 4.02e-05  9.98 it/s  ETA 9m
    ep 4 step 21200/26290  loss 2.6597  lr 3.95e-05  9.98 it/s  ETA 8m
    ep 4 step 21300/26290  loss 2.6438  lr 3.87e-05  9.98 it/s  ETA 8m
    ep 4 step 21400/26290  loss 2.6915  lr 3.79e-05  9.99 it/s  ETA 8m
    ep 4 step 21500/26290  loss 2.6531  lr 3.71e-05  9.99 it/s  ETA 8m
    ep 4 step 21600/26290  loss 2.6670  lr 3.64e-05  9.99 it/s  ETA 8m
    ep 4 step 21700/26290  loss 2.6638  lr 3.56e-05  9.99 it/s  ETA 8m
    ep 4 step 21800/26290  loss 2.6504  lr 3.48e-05  9.99 it/s  ETA 7m
    ep 4 step 21900/26290  loss 2.6780  lr 3.40e-05  10.00 it/s  ETA 7m
    ep 4 step 22000/26290  loss 2.6532  lr 3.33e-05  10.00 it/s  ETA 7m
    ep 4 step 22100/26290  loss 2.6107  lr 3.25e-05  10.00 it/s  ETA 7m
    ep 4 step 22200/26290  loss 2.6206  lr 3.17e-05  10.00 it/s  ETA 7m
    ep 4 step 22300/26290  loss 2.6739  lr 3.09e-05  10.00 it/s  ETA 7m
    ep 4 step 22400/26290  loss 2.6642  lr 3.02e-05  10.01 it/s  ETA 6m
    ep 4 step 22500/26290  loss 2.6516  lr 2.94e-05  10.01 it/s  ETA 6m
    ep 4 step 22600/26290  loss 2.6807  lr 2.86e-05  10.01 it/s  ETA 6m
    ep 4 step 22700/26290  loss 2.6523  lr 2.78e-05  10.02 it/s  ETA 6m
    ep 4 step 22800/26290  loss 2.6347  lr 2.71e-05  10.02 it/s  ETA 6m
    ep 4 step 22900/26290  loss 2.6581  lr 2.63e-05  10.02 it/s  ETA 6m
    ep 4 step 23000/26290  loss 2.6545  lr 2.55e-05  10.02 it/s  ETA 5m
    ep 4 step 23100/26290  loss 2.6404  lr 2.47e-05  10.02 it/s  ETA 5m
    ep 4 step 23200/26290  loss 2.6392  lr 2.40e-05  10.03 it/s  ETA 5m
    ep 4 step 23300/26290  loss 2.6633  lr 2.32e-05  10.03 it/s  ETA 5m
    ep 4 step 23400/26290  loss 2.6618  lr 2.24e-05  10.03 it/s  ETA 5m
    ep 4 step 23500/26290  loss 2.6595  lr 2.16e-05  10.03 it/s  ETA 5m
    ep 4 step 23600/26290  loss 2.6866  lr 2.09e-05  10.03 it/s  ETA 4m
    ep 4 step 23700/26290  loss 2.6527  lr 2.01e-05  10.03 it/s  ETA 4m
    ep 4 step 23800/26290  loss 2.6560  lr 1.93e-05  10.03 it/s  ETA 4m
    ep 4 step 23900/26290  loss 2.6626  lr 1.85e-05  10.04 it/s  ETA 4m
    ep 4 step 24000/26290  loss 2.6666  lr 1.78e-05  10.04 it/s  ETA 4m
    ep 4 step 24100/26290  loss 2.6677  lr 1.70e-05  10.04 it/s  ETA 4m
    ep 4 step 24200/26290  loss 2.6394  lr 1.62e-05  10.04 it/s  ETA 3m
    ep 4 step 24300/26290  loss 2.6299  lr 1.54e-05  10.04 it/s  ETA 3m
    ep 4 step 24400/26290  loss 2.6373  lr 1.47e-05  10.04 it/s  ETA 3m
    ep 4 step 24500/26290  loss 2.6598  lr 1.39e-05  10.05 it/s  ETA 3m
    ep 4 step 24600/26290  loss 2.6827  lr 1.31e-05  10.05 it/s  ETA 3m
    ep 4 step 24700/26290  loss 2.6556  lr 1.23e-05  10.05 it/s  ETA 3m
    ep 4 step 24800/26290  loss 2.6465  lr 1.16e-05  10.05 it/s  ETA 2m
    ep 4 step 24900/26290  loss 2.6599  lr 1.08e-05  10.05 it/s  ETA 2m
    ep 4 step 25000/26290  loss 2.6706  lr 1.00e-05  10.05 it/s  ETA 2m
    ep 4 step 25100/26290  loss 2.6665  lr 9.23e-06  10.06 it/s  ETA 2m
    ep 4 step 25200/26290  loss 2.6682  lr 8.45e-06  10.06 it/s  ETA 2m
    ep 4 step 25300/26290  loss 2.6512  lr 7.68e-06  10.06 it/s  ETA 2m
    ep 4 step 25400/26290  loss 2.6439  lr 6.90e-06  10.06 it/s  ETA 1m
    ep 4 step 25500/26290  loss 2.6558  lr 6.13e-06  10.06 it/s  ETA 1m
    ep 4 step 25600/26290  loss 2.6718  lr 5.35e-06  10.06 it/s  ETA 1m
    ep 4 step 25700/26290  loss 2.6650  lr 4.58e-06  10.06 it/s  ETA 1m
    ep 4 step 25800/26290  loss 2.6730  lr 3.80e-06  10.06 it/s  ETA 1m
    ep 4 step 25900/26290  loss 2.7019  lr 3.02e-06  10.07 it/s  ETA 1m
    ep 4 step 26000/26290  loss 2.6694  lr 2.25e-06  10.07 it/s  ETA 0m
    ep 4 step 26100/26290  loss 2.6717  lr 1.47e-06  10.07 it/s  ETA 0m
    ep 4 step 26200/26290  loss 2.6400  lr 6.98e-07  10.07 it/s  ETA 0m
    [ep 4] val loss 1.1996  ppl 3.319  train 1.1490  gap +0.0506  (24s)  <- tot nhat
    luu runs_qwen1.5B_bf16/lora_r2_na_s0_last.pt  (0.4 MB)
    luu runs_qwen1.5B_bf16/lora_r2_na_s0_best.pt  (epoch 4, val 1.1996)
      sinh 32/630  (2s)

    [lora_r2_na_s0]  BLEU-4 = 62.70   ROUGE-L = 65.70   (630 cau)
    vi du: Blue Spice is a coffee shop in the city centre.
    sinh 630 cau trong 76s (8.27 cau/s, 209 tu/s)

  do tre (batch 8 x seq 128):
    forward            66.23 ms  (15.5 k token/s)
    forward+bwd       170.22 ms  (6.0 k token/s)
    forward da gop     65.32 ms   -> chua gop cham hon +1.4 %

  ket qua -> runs_qwen1.5B_bf16/lora_r2_na_s0.json  (va them dong vao summary.jsonl)
  cham diem chinh thuc:  python measure_scores.py runs_qwen1.5B_bf16/lora_r2_na_s0_refs.txt runs_qwen1.5B_bf16/lora_r2_na_s0_hyps.txt
RUN_DONE_1.5B_bf16_lora_r2
ALL_DONE_1.5B_bf16
CHAIN_BF16_DONE
